feature_1,feature_2,feature_3,feature_4,feature_5,feature_6,feature_7,feature_8,feature_9,quality
4.956791742,5.351974487,3.863937378,7.7735596,21.050095,1.7990875,16.84294891,28.75659457,23.36434174,0.6
25.50941099,6.92080307,19.69969432,5.8403625,7.307373,2.7208443,1.70526886,24.70857836,-0.633102417,0.6
2.147874899,6.246585846,9.683614095,8.761917,32.409096,7.884205,1.827618917,82.52595099,-29.43435669,0.6
3.452369455,3.248882294,7.314320882,9.776749,16.20108,2.826477,8.078847249,66.88696909,76.78768921,0.6
2.013925596,3.764770508,5.773676554,30.61528,17.480797,0.789978,1.40990448,43.62441536,52.62244415,0.6
6.303019298,10.82891464,4.538665771,27.742676,34.438515,3.3507652,5.782875,79.72060553,4.312717438,0.6
43.51407834,3.574595968,175.5272174,60.525364,18.382442,1.1561112,4.3372726,77.87148372,-2.201283932,0.6
1.332232114,5.09053421,6.737375895,-2.5154266,34.710197,0.46030426,12.18197632,76.19881542,67.69654846,0.6
7.808916175,2.312464396,22.47924805,3.9187927,37.980286,3.5254307,22.995857,52.78205359,32.7353363,0.6
0.691679142,9.84815979,4.360575358,14.117218,43.8014,0.7877693,30.08765157,28.31531264,21.18867493,0.6
4.740623397,8.606266022,2.696268717,8.718384,28.620491,3.448349,22.77326202,41.85505386,34.46205902,0.6
5.186183411,14.66794586,8.544489543,-0.53245544,46.715866,9.906147,27.40745799,76.95658332,61.39337158,0.6
5.45584203,12.02760315,4.113698324,16.6241,30.754105,4.04718,13.85168711,46.07705031,34.00614929,0.6
7.964353151,2.895031293,23.71372986,-12.715233,49.0989,1.6083069,7.5420227,92.30083306,-0.838035583,0.6
8.502334975,2.518093109,16.55062358,-0.8182068,31.268005,0.7898865,3.7788925,61.69038182,32.93611145,0.6
75.29481473,60.66343498,12.26376088,0.63430786,33.032196,40.736168,15.084351,64.92528965,-339.6738257,0.6
2.830719439,6.325969696,13.19806417,28.00943,44.736046,5.114666,1.181065877,61.61243,15.41241455,0.6
11.74132232,22.68328603,5.280853271,18.033249,44.84858,5.7714767,4.1629486,61.32171915,22.08208466,0.6
12.30208114,18.05675252,0.537612915,0.29769897,17.558266,2.4748764,7.812378,32.62544374,8.077766418,0.6
12.98719478,8.883010864,14.52096558,-23.769577,33.00212,2.3294144,15.199791,7.572234157,22.62985992,0.6
3.691891696,6.242220561,1.846338908,-16.696014,21.403969,0.32115746,11.021801,18.34024033,12.60441971,0.6
2.494318821,5.768676758,6.349431356,1.7985077,13.415665,0.828125,5.1887474,28.89595033,-20.5473938,0.6
1.093310889,7.81124115,7.325739543,10.795212,21.33435,0.14504242,21.11171468,61.34209655,36.01951599,0.6
3.69515671,10.77041245,0.772984823,-1.8698425,36.984375,0.6747513,30.37893422,67.03523836,66.53938293,0.6
2.777673962,3.104797363,10.31138611,19.810257,27.944572,0.051952362,9.522705,63.60280649,4.197044373,0.6
0.133527264,1.991541545,2.086476644,4.0493164,20.936478,1.1274376,18.303856,15.61847147,2.833694458,0.6
4.58673845,4.541558584,16.19940694,3.7032013,23.507187,3.2409744,12.203384,49.3442281,23.60649872,0.6
5.576424782,30.18691254,5.602605184,14.103256,39.68106,7.3894615,75.81503042,67.66029585,77.64772034,0.6
2.957629548,5.840641022,5.527206421,-1.7323151,40.712723,1.6174469,13.13279215,89.79402494,31.28453827,0.6
9.663989716,11.50371933,37.38726298,4.582245,32.204544,7.700924,63.21395365,25.77781378,37.40351868,0.6
2.026342259,2.377946218,5.636805216,-13.7669525,57.016655,2.8672771,0.1073761,32.32275188,32.39180756,0.6
0.772590061,8.868476868,11.6974589,5.4246063,40.748505,3.844328,0.15887451,93.16397186,44.95178986,0.6
7.092722284,14.62685394,9.350774129,16.434494,36.285187,8.35948,11.73001607,51.82850428,70.76290894,0.6
2.600726116,6.148609161,4.969985962,-19.498428,24.559105,8.973778,6.2593765,30.9550745,40.07351685,0.6
10.30392917,85.85410404,22.26944987,3.9557495,32.138313,93.695244,47.00948334,54.4869606,116.9178925,0.6
26.54271882,65.56232786,15.32765706,9.376572,21.65384,38.382202,4.198021,57.4601119,61.97599792,0.6
5.049149472,9.533985138,2.227945964,-5.8524475,36.635284,0.56320953,22.95411682,46.7602487,55.11738586,0.6
21.95947093,70.19780986,5.889272054,26.875702,18.044907,69.31402,14.923576,45.22125765,90.2321167,0.6
1.038597269,12.75057983,4.96488444,10.54805,22.412613,1.3008156,32.29539998,25.94307844,37.94171906,0.6
7.625224277,15.38644918,10.07972717,14.331482,20.624512,6.8780746,6.6906586,40.5302452,-0.765808105,0.6
5.188053671,8.455112457,15.54216512,5.710449,20.959206,5.5237846,10.71014404,51.84288459,44.52186584,0.6
4.761226689,9.140546163,7.30716451,-9.423706,22.375084,7.2447777,1.3772964,43.85153193,14.81531525,0.6
8.080676966,6.513737996,19.08460744,31.409851,5.3911514,1.1319342,2.5862656,51.688473,50.73406219,0.6
1.350654934,22.50707245,9.761662801,-2.1672668,29.586754,65.81796,15.41862488,148.3205213,5.623985291,0.6
8.151015178,12.16894913,4.837280273,6.6816483,12.038887,1.3360443,10.86134338,43.7342757,58.05495453,0.6
11.64430721,19.86742783,7.487187703,0.31976318,36.72216,7.6358414,16.25275167,68.50190659,23.58177185,0.6
3.360533225,1.362837474,13.27261861,2.196762,38.47077,3.6524239,2.4026031,65.8183394,37.83080292,0.6
1.1420038,4.30173111,7.66448466,-19.141388,41.173256,1.4885178,10.974213,66.93649936,12.9382782,0.6
4.447586549,17.17547607,8.24041748,8.217804,27.568985,0.041965485,38.30214183,23.20872872,40.10629272,0.6
8.560576714,37.39305592,93.80893199,137.10852,126.58267,67.80877,103.04511,-113.5118566,-354.2295074,0.6
22.18788155,65.99332047,1.892751058,-10.998489,30.975586,2.3629074,33.39547729,38.21588166,78.81031799,0.6
12.29063512,16.72689819,20.63628133,43.092422,29.82611,0.36089325,6.31599172,112.2794905,76.78971863,0.6
8.945770619,19.12208176,11.44418335,-19.367783,32.9031,11.992706,28.4675293,3.011890918,31.8985672,0.6
10.13349227,30.77256775,9.102427165,-12.379868,19.167274,0.2560196,5.267422994,13.76488834,-6.701812744,0.6
7.656422982,19.20617294,2.452000936,10.721664,11.420311,0.8510151,11.38854472,16.09113807,48.65459442,0.6
16.6219493,106.4049482,4.601450602,19.726501,6.585495,12.730965,127.0079689,41.02611907,29.07496643,0.6
29.39786406,64.84531021,21.68560282,16.042816,7.872345,1.9300156,20.92156728,12.56629297,-412.4410057,0.6
55.29838603,1.267461141,225.1855583,-210.09846,26.977448,9.169304,14.43618,51.74596875,-17.57168579,0.6
0.328589329,4.132011414,3.861857096,16.940063,26.857567,4.2668533,4.6916733,45.64703007,21.05252075,0.6
7.631949714,8.459037781,5.703308105,5.272949,23.7006,5.08226,7.536359151,61.82446773,21.45146942,0.6
7.91350531,5.095690409,18.55378215,8.894302,15.827347,0.12193298,26.633942,15.21807409,18.5297699,0.6
2.214608193,6.976722717,3.07800293,18.140472,28.82756,6.61438,24.46851858,37.13006335,26.12779999,0.6
21.38324938,52.48042027,13.26688131,-7.8180237,42.55259,55.509396,7.5595016,72.27641985,25.50470734,0.6
6.629794425,8.107479095,6.21454366,-14.687149,48.78621,0.63246155,7.9454803,61.24246388,-46.21459961,0.6
21.21698671,70.22260141,7.25046285,35.59778,22.6316,89.37487,13.21477,31.13719529,111.6873779,0.6
6.357869607,9.096046448,5.426417033,15.185638,12.906456,36.784016,23.59642537,79.76552175,39.8373642,0.6
2.742370914,15.74809392,10.81578573,1.8975983,38.540955,7.4205704,5.7401886,72.20546055,32.57019043,0.6
7.723079227,4.105823517,15.02376811,13.504471,24.47554,6.3251877,6.259417216,49.44867905,6.110580444,0.6
4.158627404,9.299446106,7.159469604,2.7252808,8.759407,9.163254,11.42827352,19.40727232,27.22438812,0.6
5.640759552,8.442771912,19.232488,17.193314,36.006348,13.1283,4.672917684,40.89666097,17.95700073,0.6
7.295091665,6.881404877,12.94740295,-8.178192,22.218887,2.8223724,7.892077128,50.66158977,42.7164917,0.6
1.51774338,6.098056793,10.34118144,4.956726,41.304794,5.566185,19.77869924,75.81115801,35.76959229,0.6
4.305660465,6.007392883,1.614786784,-5.061386,33.60009,1.1008263,4.774291992,64.26801273,13.0304184,0.6
18.07151688,11.56674194,26.08935038,-5.4728394,17.61261,11.376343,15.41179657,19.29687646,12.04333496,0.6
5.398513574,8.102706909,3.004837036,-9.982193,43.291412,27.121246,11.549301,21.14881557,23.88352966,0.6
8.677998358,8.131835938,3.319702148,-0.4021454,23.53331,9.373512,6.52594,32.05579225,4.125213623,0.6
15.40601553,87.32405599,24.12834167,43.928757,23.292145,58.230244,30.994225,42.62521196,59.18904114,0.6
3.923992082,11.60711042,20.00192769,-21.442276,44.37024,0.8930621,32.696716,111.5066359,-373.3866401,0.6
17.23864537,111.2942786,31.86554464,5.530777,20.410614,30.225945,37.43664296,40.86578576,38.06005859,0.6
4.468286695,3.984448751,12.11888885,-8.533524,37.00995,0.5083847,21.318588,57.98112128,-4.320709229,0.6
4.896362314,0.98647817,8.904853821,8.801575,35.804,6.0416374,3.6799164,27.0922005,1.422420502,0.6
5.111611896,2.129959106,7.182484945,4.009964,31.915047,2.1919708,1.1869049,30.3425162,-1.925788879,0.6
87.27477333,33.13537216,22.79456075,19.121552,13.97525,27.153645,36.05453491,10.70341361,-257.6778984,0.6
2.600139596,12.4966685,8.793075562,-7.9652863,42.628456,1.1638489,1.9706116,40.10533985,9.132263184,0.6
16.48485075,45.84279799,3.443049113,-19.457321,44.839912,42.750786,13.645287,57.18054988,49.54476166,0.6
5.200961638,7.844376882,4.08384196,-11.096115,40.259315,3.6327438,17.627884,44.18377119,19.17010498,0.6
16.62901483,57.60176659,33.72848002,40.112396,27.484253,7.108864,122.6317196,73.56668107,113.7438049,0.6
18.79790379,37.54385519,14.0938975,-0.17668152,41.36962,26.095505,41.06827799,115.8869852,-539.0184097,0.6
6.909736508,16.19293594,6.152130127,-1.3942413,42.073242,4.401314,30.23140717,70.71639539,47.62475586,0.6
32.18775663,53.19745255,7.875757853,-13.225357,39.270515,2.7619934,4.0427933,53.62542312,4.870658875,0.6
12.88201637,25.26445007,7.808100382,26.606628,22.267303,4.6984787,11.82431,35.17545604,9.395317078,0.6
1.742002881,5.316215515,2.82514445,-13.511505,28.486023,2.0221329,2.084152222,45.97250447,10.90037537,0.6
23.07034462,94.12986104,6.035054525,-5.2690125,26.23616,86.76793,10.033051,23.68955768,100.554184,0.6
19.53470024,25.82290649,7.724431356,11.264191,19.316673,3.8948288,2.6779556,40.69507058,14.22457886,0.6
4.571057751,3.833194733,3.635172526,-3.592514,20.198563,6.353256,14.2173,11.61110229,30.05612183,0.6
18.13738617,26.3708636,6.25958252,3.2677307,18.557022,8.469444,10.4954605,32.55914084,32.11536407,0.6
4.374521306,4.053951263,7.803141276,-6.4756775,22.307693,1.155098,7.406326294,47.87037167,47.84792328,0.6
4.272848494,10.19359589,15.87540181,-9.17247,25.16307,6.0820847,12.1433843,35.04683978,34.49690247,0.6
20.35255942,74.62889242,2.200195313,5.70842,17.465607,50.380062,3.235244751,39.86879726,36.10015869,0.6
13.43490278,48.94042889,1.852630615,6.675522,20.666664,69.30285,0.023956299,43.76607226,92.24526978,0.6
12.80384444,84.8475728,20.75866699,-4.429352,24.570839,55.486046,11.7686,25.17076069,86.66877747,0.6
5.365706238,2.601520538,11.14630127,-2.941101,13.977066,7.188217,4.631932576,32.1456383,47.86987305,0.6
17.52711551,26.10020955,5.130091349,9.386429,11.674919,11.117157,3.145729,29.94375812,35.75901794,0.6
12.99500572,73.16082629,15.06848145,-1.9461212,13.952057,49.111717,24.92733,20.89016496,58.89888,0.6
5.446933555,9.279806773,5.56695048,-19.881851,42.471703,3.3491707,7.9534225,28.09018525,26.17588806,0.6
4.109957343,21.51187134,7.482025146,1.6754913,13.900284,0.8839798,5.664916992,36.72636375,26.1444931,0.6
0.244676686,5.092292786,5.183817546,11.320206,16.207504,3.843132,22.72208659,19.78608435,30.35874176,0.6
2.062905578,1.713172913,3.468622843,2.8329926,27.194855,2.3211823,7.755282084,44.51821277,36.13702393,0.6
8.412521156,13.52622986,22.54693604,-8.769684,32.466995,6.9362354,38.5842336,27.29671725,25.85020447,0.6
18.18405552,36.11649068,6.665400187,1.5512695,29.793304,3.3524017,13.622292,20.03720349,8.744674683,0.6
15.12392304,22.02827199,3.079243978,-17.07425,42.448715,7.0679016,7.4797134,17.93347603,-27.82196808,0.6
2.224414863,5.300364176,8.656417847,10.423721,31.270546,1.0222855,8.646187,47.231854,14.69911957,0.6
9.566347814,25.6060791,3.135553996,-0.9328766,11.211075,3.5364532,21.8104248,53.05771974,29.5324707,0.6
2.176142368,2.763356527,8.789932251,-3.5423126,31.784477,5.531349,16.252151,29.10540431,-9.65725708,0.6
4.710455367,11.07958603,4.273610433,-10.069458,27.779099,0.8131676,1.6094589,29.35100651,13.38505554,0.6
8.936948751,12.19636917,10.78816223,2.988327,33.562378,4.1370773,9.274093628,52.00318638,19.28379822,0.6
1.557745693,0.911876678,5.759129842,-6.83902,39.58509,2.541397,3.3149338,62.47123138,-10.64408875,0.6
13.19409108,86.51959324,2.506444295,-22.896011,42.681488,13.188717,104.4570313,43.6127007,17.84084702,0.6
6.522587425,6.025655111,13.05873108,11.094727,33.742096,7.6767807,15.915657,21.24409712,21.90875244,0.6
1.120098219,7.662924449,11.04615275,-2.7617493,35.89946,8.083622,11.56041,44.49055671,34.4957428,0.6
10.85743034,5.435704549,10.64054871,-1.8719864,4.8850718,0.3045416,3.181654,-0.027200013,-5.708768845,0.6
0.381813564,10.22102737,7.426376343,-6.3972015,44.66574,7.182062,8.705566,81.26470978,65.95796204,0.6
3.506453915,5.251430511,4.75692749,-5.515518,41.944008,5.0835457,7.535675,30.28889838,27.06826782,0.6
1.01963363,5.164911906,9.824406942,3.5374908,38.3599,0.36485672,19.55722,27.27600122,29.44030762,0.6
23.10429837,35.16954104,5.508850098,-0.9709778,28.255127,7.2788887,9.6326065,69.3604136,-414.4850655,0.6
2.34546394,7.129505157,3.362945557,6.6564026,28.848389,6.672699,11.31125387,84.86180876,55.37854004,0.6
2.829594723,3.229471207,3.51743571,6.3589478,45.412582,8.023525,8.995842,59.93431507,6.187187195,0.6
7.5459116,68.25558448,17.54429626,-20.002472,35.896698,44.788795,32.86831665,30.54907226,60.06536865,0.6
9.770537381,45.97656914,14.10381571,18.209534,32.553474,49.70127,13.93943,58.14535594,62.49971008,0.6
22.23038945,45.53774134,5.810073853,-39.671112,35.308395,11.5588875,3.7737122,18.06149368,17.78217316,0.6
33.61238482,109.1957638,7.510177612,-0.17680359,37.699265,42.01244,0.5755081,77.01507438,85.60626221,0.6
2.543056977,9.720357259,6.908991496,-5.470108,42.597885,3.8678703,7.6973877,68.10780482,25.59417725,0.6
0.270074475,5.152440389,10.11420695,11.083511,45.861137,0.43631744,2.937767,63.88939316,30.37445831,0.6
3.417721876,14.40412903,3.47261556,-15.441727,41.35897,10.224171,15.33404541,38.92148947,22.71949768,0.6
1.317486294,10.82062149,18.48792013,-10.472885,42.04888,1.9032669,9.646698,65.14141325,29.83441162,0.6
6.379136563,49.2834096,18.01677958,-1.1763458,42.359154,51.635292,28.917152,34.73076745,85.81378174,0.6
9.40703085,9.967676799,11.42841593,1.3475494,32.080948,1.3744583,12.226883,31.88120071,20.48769379,0.6
0.632294758,4.106957753,5.797157288,7.275009,40.386032,10.705435,5.5056305,22.6924085,16.09581757,0.6
1.889742725,11.16792043,6.608362834,5.957306,27.511353,8.876942,11.061615,39.86556759,22.77084351,0.6
0.410133415,5.200021108,12.01868693,0.55662537,55.189316,0.29906082,6.199463,87.47666578,48.73971558,0.6
7.965690165,12.23102442,4.381912231,-7.2611237,39.20974,7.282688,11.18544,51.62725285,18.44089508,0.6
8.730170469,15.26218287,1.908930461,-3.9258728,29.807411,0.8921814,9.668045,34.48085741,29.13436127,0.6
0.726047466,5.135683695,6.067448934,-19.478607,46.59903,1.9240189,3.0419922,50.79069387,8.516220093,0.6
3.139365506,2.815297445,4.58996582,-12.786194,33.131218,6.672268,23.85434,24.60219595,7.438476563,0.6
2.870339843,4.344360352,11.94329325,-4.57106,41.897614,1.5692596,14.42804,52.78511773,13.27626801,0.6
13.22876342,28.61834208,1.189656576,-1.1136475,30.473808,6.0795784,6.581291,47.46787567,25.29645538,0.6
0.614794833,6.838769913,9.539474487,4.380539,48.35273,3.6966896,16.747849,71.66543282,47.65397644,0.6
8.492597294,24.75479889,15.26966349,-1.7641907,100.90269,5.351677,2.604621887,66.69950134,25.08361816,0.6
2.640235095,9.216339111,4.286916097,5.535843,23.527023,5.8748627,10.87027232,69.71146223,-6.206741333,0.6
2.420133838,10.24126053,6.43796285,-6.8195496,35.107758,3.5678444,16.38635763,62.81599904,26.41635895,0.6
8.025949155,13.55986786,6.150115967,-5.4013367,30.163704,28.854275,13.3243866,60.82546222,0.676979065,0.6
5.334658276,8.509595235,14.27555847,0.0851593,28.346558,5.7909546,18.239738,11.56224301,7.518096924,0.6
10.92195495,12.38835144,21.38735962,17.528564,35.267136,0.50473785,7.501126607,73.48302317,37.79909515,0.6
5.930942952,4.750190735,13.35500081,13.730423,20.666191,1.0856514,12.85041,44.68286037,30.67216492,0.6
0.595599744,11.34898122,8.27402242,6.2947235,26.400047,3.5267048,0.44953918,46.35276816,10.50641632,0.6
6.315685903,5.877437592,8.954096476,1.1591187,42.676422,4.2124977,9.532145182,74.81589207,46.00450897,0.6
2.696338348,5.214964549,11.10745239,-6.983734,44.47783,4.6879387,3.406601,34.22101864,7.57610321,0.6
3.304711312,7.855045319,17.32486979,-11.09021,34.616768,3.334669,15.262482,37.75464536,53.15663147,0.6
3.039642563,7.231163025,5.954040527,0.20343018,36.61133,0.78806305,13.057968,54.83387618,15.01384735,0.6
6.682299418,2.783162435,6.91985321,3.4773102,17.416656,0.83097076,0.37615967,40.92087445,13.66385651,0.6
4.593205986,3.061477661,8.053156535,8.924088,24.386673,0.5418091,11.63098399,43.43601111,24.28622437,0.6
4.622281617,2.573038737,2.724812826,-5.9456177,24.812897,2.6034775,7.8648224,16.51633251,12.48378754,0.6
23.19676575,33.61991374,97.39029439,-6.4342804,21.621971,1.4231567,4.5515137,16.80116148,-161.1828995,0.6
9.90263761,9.006546021,14.39313507,3.9114532,6.672333,1.1660919,17.26602427,24.82056985,29.01534271,0.6
1.650684581,3.007240295,2.47916158,-5.071167,21.805138,6.419243,6.6309204,19.19892055,-1.542068481,0.6
34.93823514,14.64704895,122.3483378,-124.19273,12.678345,21.159866,10.33037059,11.41481386,-13.06426239,0.6
6.484279668,2.568270365,5.472684224,-0.68289185,19.592209,1.5380783,2.5261383,27.03660609,-17.26729584,0.6
3.149151597,2.583587646,4.59294637,5.381531,20.791061,3.335434,0.9528427,33.51092835,-12.76315308,0.6
2.397023371,2.168807983,5.908162435,-10.3424225,18.190994,0.6557007,5.5863876,19.19305956,35.1139679,0.6
6.049995744,7.452194214,0.653930664,-2.2868042,11.110336,0.7028427,13.32329305,25.37870924,30.98595428,0.6
11.74679009,42.67424774,10.35484823,1.6001129,13.612267,0.7543793,38.76796468,35.6517121,3.851623535,0.6
0.934823282,0.463857015,1.798828125,-3.6233673,15.881638,1.7371902,4.4562225,10.66657204,4.669937134,0.6
0.985493265,22.5350825,10.51184082,-1.2531891,-116.37504,0.82585144,10.111153,-122.6320466,0.539131165,0.6
0.615761024,2.571161906,2.009885152,-17.638428,17.756523,5.074547,0.4552536,25.86398302,16.7961731,0.6
38.46277741,75.51464462,2.446390788,0.90641785,19.655197,71.932816,0.15515137,28.61631033,-124.2494621,0.6
5.250051971,0.868631999,4.851206462,-9.092468,19.768692,1.2733612,11.2215805,25.12728011,2.847434998,0.6
11.05545459,7.218269348,2.784495036,-8.129227,15.351952,0.9015579,2.585762,21.8994311,1.917514801,0.6
7.570129472,2.876571655,4.732678731,5.4348297,13.726578,0.32943344,9.0302925,15.87900331,-5.158676147,0.6
1.650684581,3.007240295,2.47916158,-5.071167,21.805138,6.419243,6.6309204,19.19892055,-1.542068481,0.6
34.93823514,14.64704895,122.3483378,-124.19273,12.678345,21.159866,10.33037059,11.41481386,-13.06426239,0.6
6.484279668,2.568270365,5.472684224,-0.68289185,19.592209,1.5380783,2.5261383,27.03660609,-17.26729584,0.6
3.149151597,2.583587646,4.59294637,5.381531,20.791061,3.335434,0.9528427,33.51092835,-12.76315308,0.6
2.397023371,2.168807983,5.908162435,-10.3424225,18.190994,0.6557007,5.5863876,19.19305956,35.1139679,0.6
11.74679009,42.67424774,10.35484823,1.6001129,13.612267,0.7543793,38.76796468,35.6517121,3.851623535,0.6
3.895543349,1.526321411,3.563557943,-6.5075836,13.220146,4.31102,1.5699921,8.135503005,-3.450897217,0.6
0.934823282,0.463857015,1.798828125,-3.6233673,15.881638,1.7371902,4.4562225,10.66657204,4.669937134,0.6
0.370195363,35.22547404,50.84081014,1.3319244,-23.74337,2.996498,4.144943,-19.32951058,-45.89944458,0.6
11.63003219,6.509549459,5.993515015,-4.8492584,9.919609,0.3629837,2.9367447,16.111043,-1.583496094,0.6
0.615761024,2.571161906,2.009885152,-17.638428,17.756523,5.074547,0.4552536,25.86398302,16.7961731,0.6
38.46277741,75.51464462,2.446390788,0.90641785,19.655197,71.932816,0.15515137,28.61631033,-124.2494621,0.6
5.625541065,3.969441732,3.822240194,-4.833725,14.761795,6.1181717,2.5394058,33.10173316,18.50460815,0.6
5.203711429,1.444000244,7.419977824,-10.1158905,15.807999,2.279602,1.3751984,25.54626799,19.32975769,0.6
5.250051971,0.868631999,4.851206462,-9.092468,19.768692,1.2733612,11.2215805,25.12728011,2.847434998,0.6
4.168425701,24.34831238,2.82652537,6.886139,9.677216,1.5724525,4.468566895,23.28285829,14.90993881,0.6
6.463889297,2.489468892,5.314435323,3.713974,15.595299,1.5445671,12.787315,16.2978253,1.182033539,0.6
3.930913104,1.312614441,4.179756165,3.95813,15.098183,2.3640327,8.243492,28.30529182,7.870944977,0.6
1.989630448,4.845418294,4.277229309,-1.9456024,11.737961,3.7494965,6.4809265,10.5530871,22.20161438,0.6
7.215347762,15.85817719,16.22296651,2.076004,-130.98143,1.4038239,6.4855194,-132.1992289,-35.23087311,0.6
2.30796495,1.678863525,0.976722717,0.7762604,25.793121,2.0028954,6.7775497,43.02841649,16.80419922,0.6
17.04981513,16.99116007,7.448298136,-6.1341553,21.453178,0.67461395,7.541336,27.84732441,8.345062256,0.6
3.060666223,4.206878662,3.053792318,5.706192,16.422577,0.5599899,18.03049469,31.23394046,23.84483337,0.6
7.030550132,3.138511658,3.405362447,-0.84251404,17.730377,2.1897888,5.6871796,24.29065848,-5.471435547,0.6
0.345318073,2.715614319,4.251945496,3.8183594,18.862556,1.297329,6.61615,32.11621237,8.920024872,0.6
6.135402247,8.46845754,3.037328084,-2.349228,20.262955,9.942497,9.2552185,22.51861761,15.94995117,0.6
7.11692474,4.335688273,3.598347982,3.9906006,17.132172,1.4898605,3.6157303,27.08570939,9.434692383,0.6
78.79696162,8.663753112,159.4099286,2.2227783,17.213074,65.14511,1.2462463,38.21223205,4.787157059,0.6
8.780889714,9.118001302,5.14981842,-2.9238434,25.037155,0.8833542,2.191124,33.43314207,6.510429382,0.6
1.890311633,3.316361745,3.090792338,-13.81572,45.075836,1.755333,1.3566055,77.53245549,17.84556198,0.7
17.01520074,8.614632924,15.03498586,6.701622,17.20858,6.638218,0.7302017,52.90632617,-90.53128433,0.7
60.89973795,131.7832486,27.46406555,26.647453,-2.249939,23.516846,7.540489,12.9317351,-213.5121689,0.7
5.346252438,1.893831889,6.851974487,-4.9023895,33.72429,7.1443367,2.4351578,44.02865587,14.06056213,0.7
1.598576583,6.095134735,5.115982056,3.5675507,18.605118,2.6901512,21.04477946,26.43621111,18.9237442,0.7
1.206860588,2.198769887,6.793823242,11.506256,36.78415,0.30883026,15.832924,64.26692898,34.68019867,0.7
1.988150571,8.440414429,7.152709961,12.29631,26.577072,1.063755,27.08700816,61.29441052,41.76519775,0.7
1.788695708,15.61961937,6.399236043,-23.220634,22.227432,5.9072495,10.20320129,47.84493438,57.65633392,0.7
8.039618608,6.29376475,13.58051046,2.7204132,34.034058,3.337532,13.416756,46.04778433,36.47638702,0.7
20.84356811,59.42202028,8.386578878,3.3302612,30.567375,26.33611,0.982605,26.26342831,33.84159088,0.7
10.75062102,28.57088089,4.809748332,6.586319,17.61647,2.7445831,19.34412384,30.18939976,48.47590637,0.7
0.686076504,0.792306264,4.679214478,14.627853,30.071465,0.62164307,1.3783875,52.49356413,30.25615692,0.7
3.519953944,4.259808858,4.912134806,5.401703,25.76751,6.4185867,12.110214,24.34085755,12.55091858,0.7
0.409186317,6.971010844,9.104705811,-7.9699707,29.39412,6.633068,4.49028,43.91886122,20.14930725,0.7
1.511691885,3.056816101,1.938730876,7.5099335,42.625946,0.38470078,1.4059753,51.21178815,-14.01358795,0.7
4.61408877,14.05807241,3.333948771,7.81456,15.291214,0.026306152,20.258186,17.60402875,27.73748016,0.7
9.887293236,15.54602687,7.919514974,5.107086,29.28238,6.9158363,7.226074,34.68019564,38.56738281,0.7
0.068940805,2.05524826,2.061594645,14.337418,35.502014,0.09369278,7.397011,83.59599999,38.23996735,0.7
2.878248818,17.94477081,5.071634928,11.770828,19.418915,0.966568,16.80140686,52.24226,40.65368652,0.7
0.730326945,12.62852478,6.513936361,7.9275055,22.483406,2.4226532,16.42317963,48.18953658,24.81820679,0.7
0.434247077,3.250068665,5.928507487,-1.9217224,58.089622,1.68507,0.044029236,59.88099618,-4.141159058,0.7
0.149765959,3.269997915,3.943949382,-23.714401,47.796707,2.4102173,0.97719574,68.44142624,25.26740265,0.7
8.762072856,2.816548665,10.45198568,1.4492493,19.878998,5.4867516,1.3492355,30.7513773,8.971050262,0.7
10.54516216,15.93901062,7.2178243,25.084427,15.414864,9.935936,25.67218526,24.27566728,41.55963135,0.7
1.243349811,6.141268412,4.162821452,1.3890076,38.29001,1.3242035,0.32354736,65.77205672,-29.67247772,0.7
2.26266779,2.456596375,1.170491536,1.3378601,36.387474,1.3635712,9.371132,45.44744186,5.011901855,0.7
14.42594909,48.75531387,8.51188151,-20.584122,24.65509,2.304367,3.617505391,41.69386344,28.92699432,0.7
5.600264747,8.479221344,3.825556437,6.268173,28.283676,2.1839523,11.957626,56.46465967,41.69496918,0.7
3.323929077,6.780863444,2.383488973,3.54245,30.229942,5.62418,6.514374,41.22465828,25.39156342,0.7
5.897374137,4.0262146,5.208399455,3.626648,12.784523,3.2447891,2.5494156,34.67426294,26.13453674,0.7
5.456216093,12.30951182,2.074864705,-25.904419,29.125336,17.916245,1.0537949,23.6845236,42.62197876,0.7
4.208893626,4.895730337,2.730641683,-25.677841,41.397797,0.5062103,12.498863,76.97109856,19.18573761,0.7
3.724226206,5.148147583,1.31867981,0.32983398,31.026665,4.3318634,9.680489,43.84406452,24.75313568,0.7
1.515883647,6.446720123,4.098999023,1.8474884,34.878128,3.6564484,10.11688232,83.7173851,48.48312378,0.7
5.514801456,23.49745941,0.600819906,3.5138092,21.313087,15.069122,27.06408946,26.29687931,48.40710449,0.7
3.361079826,10.0234197,5.778915405,16.718414,16.775223,0.8361511,11.789772,-6.803697552,25.55280304,0.7
0.606557105,9.009649913,9.414901733,-15.241257,35.704758,3.3537903,4.49469,17.92206717,20.13423157,0.7
4.9437352,16.54451752,0.469467163,14.454102,23.000023,9.201691,9.463905334,25.41349365,18.23923492,0.7
5.829862331,17.68576813,2.545542399,5.1071014,14.351685,0.45387268,13.36016083,46.66640884,20.33101654,0.7
12.8239661,9.892830531,18.80152893,22.358368,30.638351,0.76055527,1.4758682,52.59653963,49.05180359,0.7
0.143404842,6.336154938,8.368972778,13.464127,32.677254,5.4826317,21.514221,6.218504582,12.19226074,0.7
7.611632672,17.78523254,5.199473063,2.4335938,27.71685,1.6546249,12.86830648,66.7509613,38.8873291,0.7
12.03150037,24.25749715,5.082672119,-28.776764,37.214783,3.2209702,3.4515076,81.21625901,40.5451889,0.7
3.709384408,4.081740061,2.223887126,27.509537,11.576996,3.4055786,7.9785004,39.01857235,-1.759590149,0.7
8.30028627,31.67669423,13.41743978,15.051758,24.073364,2.0411987,22.21222,70.38815958,2.205986023,0.7
2.269511315,6.370292664,11.82481384,-3.222763,17.003952,3.1582947,17.59286753,51.47093314,17.34346008,0.7
2.645532711,3.136793772,11.30848185,-2.1464844,22.99646,1.922245,5.064995,44.99585494,28.93227386,0.7
7.524291743,24.2207133,11.84171549,1.3749695,40.107224,2.9009552,13.909401,61.48222665,31.43251038,0.7
5.566821953,22.67638493,5.760147095,-8.248764,33.718094,1.7262764,12.7749354,33.75902002,40.37258911,0.7
16.8354307,43.05831909,13.53955078,9.8906555,25.302795,55.093136,6.482045492,196.753815,31.71537018,0.7
1.644524571,8.844043096,4.479548136,14.656723,13.260208,0.01638794,3.2652664,51.4533618,12.17494965,0.7
4.577519603,8.8957901,2.506434123,5.0500183,39.511124,7.243469,7.112007,38.42673514,29.17742157,0.7
13.06801572,15.97999827,6.754018148,0.41622925,23.591934,10.365326,14.252502,36.6486722,48.78810883,0.7
4.282205104,5.611099243,4.198216756,-2.3493347,19.98352,0.958992,12.81777445,44.8499096,48.89668274,0.7
1.126139277,15.84494781,8.361480713,-1.8107452,35.564163,0.62864685,26.99112193,30.75494374,11.78924561,0.7
12.45251919,16.3692983,3.289133708,6.2792816,14.317497,6.496628,14.823845,33.01357806,35.43462372,0.7
10.70929069,13.99236298,4.259150187,5.9440002,19.582779,2.518425,13.50412496,29.83620471,23.57013702,0.7
1.646713181,3.539321899,2.735443115,3.8782425,16.786629,1.5429764,16.66798401,17.24169232,45.0811615,0.7
2.484750617,7.755682945,4.982437134,19.60109,41.953316,11.727818,6.042824,53.08488505,36.01945496,0.7
12.54177374,19.83956146,10.82277934,18.18431,29.125053,3.079403,11.18141174,72.33461448,50.41627502,0.7
7.809772029,12.94574102,5.436904907,7.6764374,34.13749,4.8993073,1.476387,57.93032036,35.03676605,0.7
0.086121757,10.21994527,15.40250651,17.841125,25.452126,5.6924133,13.450867,50.21073122,48.66562653,0.7
58.88926197,53.85214774,259.1234053,-13.756378,44.621513,67.11375,1.4956818,7.501472771,-489.2650681,0.7
0.29114192,7.695949554,2.453491211,12.212372,27.532333,3.675911,7.249064128,38.6016467,33.83563995,0.7
4.830644234,12.22837321,7.092788696,15.57991,23.152054,6.3797836,1.4476166,60.08897176,17.01445007,0.7
0.69771545,7.5749499,8.419733683,-11.31456,33.23091,4.0750046,2.9622192,12.44191015,21.13913727,0.7
5.984399282,5.099601746,22.17379761,13.248337,40.764023,3.594719,3.0474014,48.06665935,17.78588867,0.7
6.344668864,7.987190247,5.894678752,4.5831604,35.603455,3.069397,9.739107768,67.62368438,33.12978363,0.7
3.921451138,7.445640564,4.784439087,6.415497,21.10884,3.7281036,0.6852188,44.52700094,22.42890167,0.7
13.16541427,48.34935888,4.827072144,-33.76439,46.365463,21.024574,22.680283,16.60619049,69.88876343,0.7
5.430023886,4.680740356,9.139078776,5.3726196,16.26059,0.5726166,0.44072723,21.34912151,13.70756531,0.7
7.055948248,12.62175369,5.334620158,-10.728912,13.817986,3.8920631,1.151741028,46.66086017,39.96870422,0.7
7.82692919,12.29476929,3.773010254,9.143051,11.90564,5.2084045,9.859718323,39.68639115,61.11096191,0.7
3.419683336,6.899317424,2.942804972,-8.5264435,21.34282,3.02351,9.624329,59.29508031,17.86700439,0.7
5.996994388,13.21381378,7.797866821,2.223999,19.105713,18.062065,9.110265096,37.08685587,22.11732483,0.7
6.208275862,18.46334712,9.646280924,-4.2285004,38.06401,7.804661,11.186028,55.58485534,4.100990295,0.7
6.745286285,17.79366684,4.645777384,-27.60347,26.374329,4.4821205,16.20598348,33.0814854,22.94456482,0.7
3.084534939,10.79532242,14.44177246,-8.673096,28.859604,5.7933426,6.956326803,67.61908531,42.86472321,0.7
5.691063964,0.439863841,13.63740031,-11.394562,35.61152,15.818756,11.801086,56.74177614,18.34143829,0.7
3.70377915,14.87533569,6.449193319,-34.150436,57.277138,1.6558113,38.66893768,74.73090549,40.56509399,0.7
3.663314567,3.406588236,2.307957967,4.798004,34.109283,3.9560623,4.2013474,52.99448807,3.525894165,0.7
6.472931579,10.47778447,5.650650024,-0.14094543,49.585617,8.793587,11.402855,68.8531684,35.06341553,0.7
1.424956385,6.511520386,2.848815918,-3.5740814,21.447845,2.429535,12.29284668,44.89420639,21.26853943,0.7
0.320559066,5.646956126,9.088902791,-10.1284485,40.588875,0.90872955,12.559433,51.08989721,10.90055847,0.7
10.24743534,22.41492462,5.023768107,2.55484,20.761528,6.017105,19.564346,19.05271846,25.85293579,0.7
0.684776988,8.653574626,7.801615397,-3.1233826,21.222885,5.701744,12.261353,31.65384106,-1.343597412,0.7
3.749526222,8.300636292,20.45206197,14.581421,26.807816,3.0724068,15.501129,22.41962702,38.88520813,0.7
21.69327899,27.81913122,4.975250244,9.372787,34.469658,10.073078,0.7686081,34.49345596,1.822647095,0.7
3.10855081,5.666170756,2.499043783,-6.027252,31.258942,9.864975,5.2224045,35.92515737,0.965408325,0.7
12.52065539,50.3289245,6.425954183,-1.6154785,46.999588,79.130325,13.323669,79.93881295,92.9468689,0.7
2.836137042,3.699645996,3.852218628,6.7239685,33.5636,1.8008423,37.02202352,51.87304946,16.79823303,0.7
7.188432918,31.59742737,5.005442301,20.310104,21.648346,11.9698105,10.70311737,39.82997837,43.59191132,0.7
18.42635184,23.89488411,11.91006978,0.033920288,34.212814,1.8844948,13.38766734,89.83726021,24.78360748,0.7
2.275820599,8.370850881,4.120946248,2.8108978,33.463066,1.0751457,8.658562,39.30710661,30.26885986,0.7
6.158031491,1.209245682,11.473821,23.576294,14.654045,2.6951523,17.20974223,59.567206,53.1157074,0.7
0.550417658,4.2862854,2.279719035,-17.726486,20.54432,0.7784271,3.8347855,36.90466024,40.7922821,0.7
3.705536136,0.945966085,4.518371582,-7.28479,21.823471,3.1139755,7.1534653,35.37270058,34.62997437,0.7
2.974289464,3.483662923,3.118408203,5.031311,19.614487,4.3478165,3.008644,35.56852246,39.78676605,0.7
20.54301443,66.72096348,3.101308187,-3.7082672,38.32618,50.549866,1.2138672,59.79664173,72.8004303,0.7
0.630664758,6.454073588,6.186579386,-11.361252,28.887657,6.038353,0.6111145,45.32307022,15.29340363,0.7
1.252138565,3.502357483,2.491816203,-2.0235443,18.872925,2.803215,1.9885712,31.38763795,34.00571442,0.7
0.452316703,2.654945374,3.834691366,0.5363312,17.785782,7.013191,3.0263672,19.81673535,23.44500732,0.7
2.019001628,6.879831314,13.90642293,-4.3221893,54.68347,10.509941,15.904404,87.21417114,56.64901733,0.7
0.049743396,23.94984818,13.677948,-10.797943,19.782974,11.390575,18.170334,25.36853703,16.37129974,0.7
1.518332113,6.086527507,6.50038147,-1.5121002,15.002586,4.276455,14.528107,27.1708939,28.08491516,0.7
2.867908741,2.378949483,2.552068075,-0.3620453,23.630669,5.180748,6.363121,16.28567869,17.98710632,0.7
2.377832191,0.871768951,5.425379435,-5.11969,24.281853,8.303276,6.01881663,23.77191977,15.75240326,0.7
3.898853081,4.986225128,4.523930868,-3.0838318,12.660141,9.359547,5.211316427,0.379868078,30.08879089,0.7
2.866482996,2.489996592,5.127024333,-7.460205,28.263405,2.0510635,0.2904129,41.36587415,39.99581909,0.7
1.431221188,9.437402089,8.091527303,-4.5386963,30.530518,2.9590302,29.0456,22.99074431,8.592887878,0.7
0.965614655,7.30384318,10.38527425,7.6227417,20.58937,8.757332,3.8657074,15.94113958,21.28084564,0.7
5.151231033,12.03858185,2.508992513,-11.3376465,29.613098,3.8884506,6.3589478,28.45915213,5.12550354,0.7
4.444372913,11.88295492,4.5209198,-0.099090576,59.61664,3.2759323,12.208496,57.391528,-3.577018738,0.7
30.41078314,115.3649605,6.708852132,3.6959534,15.324371,78.82272,1.6228409,30.92064755,71.58421326,0.7
10.36315263,15.63865916,8.443003337,-1.1420746,41.24156,12.809925,28.127014,68.48803558,59.16851044,0.7
8.934320589,17.75072988,2.25898234,1.7173004,26.623657,1.5686836,11.74807,43.91542616,18.10768127,0.7
8.986708418,11.94783783,9.085179647,7.402176,26.303955,0.3463974,5.004475911,71.33743796,27.4161377,0.7
8.238040623,6.944190979,17.1541036,-4.9345703,45.279617,3.7429733,9.6688385,67.28308424,38.56672668,0.7
5.031532997,1.820896149,9.182052612,3.6056519,28.386108,0.6459923,1.9902115,41.89715618,30.34886169,0.7
15.97641194,29.38742701,10.19657389,-8.668198,37.680862,12.000538,6.1017456,47.48440858,48.91259766,0.7
2.955607158,3.700887044,8.334396362,-5.1464233,25.885506,0.5114975,30.4012,23.08376629,25.10363007,0.7
3.984421989,4.06440862,5.36138916,-11.24057,20.19664,5.9803925,16.034676,36.09684589,47.44300842,0.7
5.691153219,15.79885737,2.162221273,-7.651779,21.705803,9.110329,6.575096,42.24040116,22.6869812,0.7
0.640706534,12.57840729,6.754928589,-25.003235,45.39994,11.537991,33.9093399,27.96024501,25.72592926,0.7
1.982399396,1.913593292,5.003026326,7.4686127,35.551834,11.57151,22.066925,47.19688454,45.33500671,0.7
1.490639193,17.83872096,14.90857951,-3.6982422,26.222801,1.0541687,1.983223,61.76633862,-13.90777588,0.7
0.325160965,11.58027267,10.16218058,7.042557,36.563217,11.877247,12.284859,74.85895276,-18.30659485,0.7
4.562737159,8.965732574,1.018931071,1.0289764,48.346794,1.0309792,7.6762695,76.52285943,38.70785522,0.7
5.348328804,10.06517283,2.549519857,3.727234,47.532715,2.8644638,29.116127,77.57730475,56.95946503,0.7
3.020993198,3.360462189,3.768920898,7.212616,18.749527,0.6008377,16.50701396,55.8921941,18.20152283,0.7
1.162584599,11.97067261,10.2210439,-13.09256,20.888908,3.5397797,10.65279388,18.85706823,23.5111084,0.7
3.097638515,8.883224487,8.69148763,19.720703,6.142479,3.123169,24.59836324,51.0933192,22.07220459,0.7
2.005085975,7.868591309,11.73264567,-0.89642334,53.74449,6.2018204,14.05677287,101.7316301,24.4474411,0.7
67.49706898,260.1966705,158.3387171,-198.51321,141.93646,6.899643,62.57986196,41.65465722,91.71847534,0.7
0.038701274,15.051349,18.82981364,8.139832,40.578644,6.5068703,20.257912,76.7232754,66.56239319,0.7
3.599720613,3.534623464,6.22517395,-4.4270325,33.02777,6.6892624,1.0406342,10.93540399,5.331558228,0.7
2.27139597,9.462461472,3.326075236,-1.799057,31.481277,11.23735,11.42678833,60.87885446,49.05308533,0.7
0.311456813,5.027626038,2.208684285,-1.4248505,55.292343,1.6135521,22.284139,89.00606451,26.92647552,0.7
0.676385515,1.496186574,1.863398234,5.078537,38.66191,2.9942856,6.1989517,85.82856249,0.904075623,0.7
2.17583729,12.96277809,9.20606486,-6.971176,22.756195,8.053547,14.86301676,50.59835385,60.8710556,0.7
3.171792325,1.938543955,10.54270426,-2.9621277,41.625893,4.8714676,13.018433,41.73876086,41.29064178,0.7
0.734660184,9.519395192,6.833887736,-3.1486206,51.97461,1.807888,20.811295,65.85390063,38.86730957,0.7
0.572137862,1.283992767,3.406682332,-0.7668915,53.8479,10.014702,6.7386856,82.85869843,36.14450073,0.7
2.282288733,6.151432037,4.343877157,-5.8390045,43.752586,2.096756,16.78674571,90.65309144,31.05519104,0.7
2.050861006,2.193383535,4.458852132,-2.4829865,35.922188,1.3868828,18.223434,55.91652943,30.24732208,0.7
0.160376411,4.903710683,3.954671224,-1.8379669,23.48632,4.4107246,13.625191,51.56696713,56.39830017,0.7
5.086818055,4.409052531,5.800552368,-2.3721008,44.471367,0.9655113,1.2293701,76.12379491,-0.164138794,0.7
0.67859876,1.483334859,3.534881592,11.019516,32.51632,3.0599594,10.681984,43.23819435,39.48849487,0.7
0.53976553,2.503772736,2.928894043,-4.1477203,39.647285,7.260502,1.909668,62.33291266,22.66113281,0.7
5.171559559,5.558166504,8.157897949,-9.556686,37.342484,0.32021332,0.7459488,16.66027185,19.13043976,0.7
2.994176871,8.988502502,1.393768311,-3.9509735,58.653778,3.217682,19.50459035,90.93083352,51.84738922,0.7
1.49429497,11.28542964,10.57905579,-13.359955,55.406403,3.4238586,8.747505,50.86834522,49.64889526,0.7
8.758779496,6.311542511,14.25953674,71.47092,50.22116,5.225479,49.06057,-38.14360284,26.89263916,0.7
8.141632315,17.3183136,3.673070272,14.604782,11.7899475,6.115589,0.2976532,37.07491922,31.49656677,0.7
6.002246209,6.952718099,6.899332682,2.1437073,39.88228,0.41184235,16.198067,102.920063,22.88106537,0.7
1.42389764,2.485678991,9.655380249,1.2816467,56.03856,0.4266243,5.4942093,83.26173493,40.20872498,0.7
0.365978913,15.37159983,17.59940592,5.5695496,33.53495,1.9107056,20.445534,66.90931109,49.99443817,0.7
3.14145106,13.07495117,8.556559245,-1.7122955,39.891823,2.9107819,1.480036418,91.89286201,47.94385529,0.7
3.710055926,4.207213084,3.793228149,-17.520859,28.96196,2.9057198,6.306183,50.42188408,9.521057129,0.7
4.286558045,13.34396489,5.801971436,4.3354645,21.990738,4.541485,8.140869,25.94866859,41.08042908,0.7
1.374224723,3.250394185,1.787801107,2.3218994,18.595337,4.3838387,9.990623,27.69321671,20.54856873,0.7
6.629140503,3.755508423,13.3298289,-8.911011,30.404228,1.0840302,27.60743,68.89924469,14.81285858,0.7
0.373354877,2.96516037,5.247207642,14.989563,30.511543,4.8778534,15.79747,52.21624491,7.415817261,0.7
3.137916764,8.754898707,7.811548869,1.334198,43.219673,3.9880219,10.187859,74.21381586,20.0001297,0.7
2.337871213,2.682734172,10.16148376,5.170578,40.567223,0.73300934,0.72805023,71.57068842,8.402801514,0.7
3.180679166,6.422795614,6.604568481,-2.6289062,40.575134,3.5804787,8.900375,43.91925736,24.13607025,0.7
3.899127428,7.243103027,3.452245076,13.015686,31.776169,1.7068138,7.396492,52.65527212,51.77011108,0.7
2.842851496,6.05290858,16.27950033,-9.700714,41.529198,4.4859886,9.346764,45.90125783,14.40478516,0.7
2.687674967,8.010492961,2.58652242,1.7802277,32.358818,5.043415,6.360977,32.01972664,7.037689209,0.7
4.395743892,13.15530904,5.150828044,-10.143951,53.81111,2.38628,8.788803,76.50143101,36.94381714,0.7
2.96834441,1.681207021,6.14948527,4.1237793,34.11357,2.7586975,7.9813995,29.79732061,10.5430069,0.7
3.118604685,3.32140096,7.490188599,-5.8878326,32.7539,0.36239243,0.6894455,36.41671803,7.211341858,0.7
0.2355314,2.140449524,2.559733073,-7.015274,33.00688,1.1863022,16.183487,44.45462107,25.65316772,0.7
4.670522062,14.8203125,5.522715251,207.05566,41.524536,0.96287537,94.46831735,-82.07001067,57.64834595,0.7
4.464742614,3.686503092,5.719278971,-8.253754,36.35022,5.8156004,14.175148,51.57130179,7.457603455,0.7
4.587353056,2.781682332,7.242177327,-11.828186,40.36982,9.304977,11.450218,34.37456121,40.59712982,0.7
3.272056289,5.403516134,3.963612874,-22.673904,27.720818,10.172806,4.782913,62.33733861,56.02723694,0.7
3.679675887,11.40032196,5.541160583,1.7431793,44.58763,5.305485,7.7134514,13.44170512,-6.88104248,0.7
8.114052054,13.8665568,8.017878215,5.5644684,48.982018,0.21972656,10.7632065,17.17386516,23.04956055,0.7
6.503472345,12.98436101,4.802444458,-8.682465,51.123894,0.8782902,6.767082,83.07791088,40.71637726,0.7
2.756995302,1.163930257,6.422403971,-18.535004,27.647537,1.3867035,4.631714,46.70771582,15.72672272,0.7
0.50693297,3.818519592,1.620709737,-6.841919,34.735428,1.8500519,14.759651,29.60294569,14.4654007,0.7
0.890415878,1.109057109,1.421681722,-16.008331,26.23677,3.185257,6.4024353,35.82100048,19.80110168,0.7
5.25633073,0.999351501,12.23888652,-9.315765,32.45288,3.6590805,2.855339,46.41672832,17.18922424,0.7
2.704653373,5.891007741,1.197580973,-0.50717163,28.511124,1.6877136,0.8582611,49.88782186,9.19934082,0.7
60.85841565,3.574373881,168.8009555,-145.73753,28.998497,11.61853,8.396797,39.1097918,25.99849701,0.7
6.555432643,2.202906291,9.895711263,1.4611359,18.231125,0.7122574,9.825645,26.44893365,-0.081382751,0.7
5.908905401,3.690376282,3.378550212,-2.061386,18.604141,0.14439392,3.9507904,21.74146547,2.177032471,0.7
1.8700055,2.001383464,3.065841675,-1.2654877,18.52446,3.8545227,5.3154984,26.19173106,9.276748657,0.7
2.632417541,3.651453654,2.091023763,-5.3618774,11.607513,0.3950119,5.8190155,26.36326255,13.29458618,0.7
1.397407617,8.843566895,10.90468852,1.6277161,11.456482,3.6498947,12.858231,17.04206057,27.89972687,0.7
0.545617866,1.973274231,1.278376261,-10.94664,24.66246,4.763672,9.26355,21.19560871,22.2144928,0.7
6.709671555,1.079655965,9.745997111,-0.044006348,19.2108,0.39035797,9.840012,32.76448751,9.531715393,0.7
1.477021418,3.484916687,3.974583944,-3.52977,19.182198,3.525055,2.266327,31.46666666,12.21090698,0.7
0.39196625,4.192914327,2.94300588,-4.8966675,21.942764,0.31440735,6.4945297,35.22407298,6.405097961,0.7
3.240904818,3.789560954,2.147638957,-3.0805664,15.791817,3.7235794,6.2416,12.27905663,3.414505005,0.7
1.114592068,1.805315653,1.293757121,-5.4812775,20.42566,6.067848,6.236267,20.57032614,-1.618637085,0.7
7.768926892,2.767590841,8.0462087,1.1818695,24.436905,1.1816864,12.021194,31.21101338,10.11483765,0.7
11.44703815,8.849858602,4.209655762,-18.320969,16.212105,1.53788,10.101723,8.276137146,7.305198669,0.7
3.895543349,1.526321411,3.563557943,-6.5075836,13.220146,4.31102,1.5699921,8.135503005,-3.450897217,0.7
1.236416426,3.526631673,1.514078776,2.1288452,17.462814,3.2289124,0.7750168,31.9029618,8.391853333,0.7
5.625541065,3.969441732,3.822240194,-4.833725,14.761795,6.1181717,2.5394058,33.10173316,18.50460815,0.7
5.203711429,1.444000244,7.419977824,-10.1158905,15.807999,2.279602,1.3751984,25.54626799,19.32975769,0.7
6.900068682,2.892415365,3.709594727,-2.4307709,15.322205,0.5408325,7.3334656,21.23011371,-1.75655365,0.7
23.29048409,11.94837952,9.302907308,-3.920456,22.076935,5.75161,7.6762466,23.07799176,0.722763062,0.7
8.001871688,5.827725728,2.370763143,-6.5239105,18.390656,1.5395813,6.624115,14.88579229,2.618049622,0.7
44.60928469,163.4556309,4.353075663,-6.642395,14.013641,57.067123,3.2306366,30.48621246,76.23550415,0.7
11.82293758,2.013936361,9.75958252,-23.983948,17.67984,4.151497,5.30011,13.9427342,23.37858582,0.7
4.490711082,4.077606201,4.12000529,0.29196167,16.877548,1.6459732,7.9838715,16.55008111,14.40089417,0.7
41.26415501,89.66314697,8.075134277,6.4389343,18.57637,22.12278,9.423882,22.69606,14.53918839,0.7
3.498901556,1.497479757,3.324081421,0.81752014,15.450645,2.4127884,4.808819,32.6053297,19.21561432,0.7
5.451214644,0.983734131,9.501833598,0.828125,19.48845,0.35116196,1.9352303,28.46748123,18.57277679,0.7
4.114161922,6.136299133,1.920394897,-9.232391,22.611443,1.880249,9.964459737,21.12435583,16.32897186,0.7
4.575069625,3.707003276,1.940116882,-1.5474548,19.116058,0.21057129,6.6109924,26.55049012,10.29808426,0.7
6.412949448,4.249954224,3.0687205,-4.6725464,12.648964,1.8673325,6.2690887,30.13469224,12.23078156,0.7
2.113782664,5.336191813,3.141998291,-2.1945648,15.281364,1.7123833,3.2492485,25.09124116,9.147506714,0.7
7.021290563,3.322751363,4.395965576,1.7879486,17.819443,1.1522751,2.8484879,25.14837618,1.226764679,0.7
6.84431861,2.452201843,7.008338928,3.8878937,15.008522,1.1586819,8.774258,24.58287731,-5.476989746,0.7
5.161971881,7.036590576,5.11311849,2.4320068,25.700508,0.004619598,3.1552963,29.63754891,4.425266266,0.7
0.002829714,2.656743368,3.144035339,-2.1863556,12.792885,1.0268211,8.217674,18.06731496,10.43312454,0.7
0.39196625,4.192914327,2.94300588,-4.8966675,21.942764,0.31440735,6.4945297,35.22407298,6.405097961,0.7
3.240904818,3.789560954,2.147638957,-3.0805664,15.791817,3.7235794,6.2416,12.27905663,3.414505005,0.7
1.114592068,1.805315653,1.293757121,-5.4812775,20.42566,6.067848,6.236267,20.57032614,-1.618637085,0.7
7.768926892,2.767590841,8.0462087,1.1818695,24.436905,1.1816864,12.021194,31.21101338,10.11483765,0.7
6.049995744,7.452194214,0.653930664,-2.2868042,11.110336,0.7028427,13.32329305,25.37870924,30.98595428,0.7
6.900068682,2.892415365,3.709594727,-2.4307709,15.322205,0.5408325,7.3334656,21.23011371,-1.75655365,0.7
23.29048409,11.94837952,9.302907308,-3.920456,22.076935,5.75161,7.6762466,23.07799176,0.722763062,0.7
7.261621581,2.975191752,5.184809367,0.47442627,17.079964,2.3071442,9.35638,28.09649382,2.560955048,0.7
42.05276331,122.3318176,1.04989624,9.369797,16.668228,60.212997,1.0805359,38.20065108,51.78764343,0.7
2.977528122,4.607790629,6.425895691,-0.24386597,15.271072,1.2810364,7.877075,25.42478168,6.44153595,0.7
4.470555696,8.151659648,7.078292847,1.9826202,19.882019,5.067871,5.850334,28.78409649,23.76170349,0.7
5.743053531,9.293365479,10.9648641,-13.132996,18.987991,10.175598,3.255503337,17.17735435,44.30474091,0.8
12.24724001,20.61348343,5.955103556,5.5098114,21.723167,0.99551773,10.652382,23.67021924,0.2003479,0.8
1.580069312,3.206998189,6.466166178,2.1858063,12.858742,7.4783173,4.8469315,19.92278723,24.6126709,0.8
56.23958867,5.753962278,2.572545369,-8.236877,36.35402,31.476297,0.85022736,81.35110131,-488.8870049,0.8
0.98521746,2.527374903,5.179946899,3.8041382,30.233772,2.7234612,26.488838,31.77400924,66.27453613,0.8
4.042867559,5.460720062,10.40971375,22.263214,32.61528,9.330875,9.445009867,68.82850683,55.65177917,0.8
4.646538321,13.39909363,6.24075826,-2.820488,31.669373,5.8849487,4.292633,20.38591662,34.75170898,0.8
0.506988539,7.071907043,8.408696493,7.623535,22.064293,2.5826454,18.21958669,39.60124139,36.641922,0.8
1.567777725,7.9005572,8.933268229,-5.2660217,26.119698,0.03529358,7.683632,11.37882402,34.12843323,0.8
5.234061838,1.429862976,10.96728007,-3.131424,28.449257,0.35287476,12.23162079,47.47886665,30.31500244,0.8
0.691502797,3.082252502,5.499140422,14.364075,25.822205,0.8602791,17.64444987,67.30331486,69.34579468,0.8
1.334033916,1.110120138,4.221237183,4.4168243,16.448715,1.2220573,5.96122,14.34525802,2.346595764,0.8
3.110788314,4.473547618,7.809214274,3.6368256,28.710022,4.1575356,4.3893433,47.56983219,13.93197632,0.8
0.503660003,8.841934204,8.239476522,0.7236328,17.859032,1.8031311,7.4839478,12.49127767,27.19455719,0.8
0.860465216,3.518873851,3.413243612,-1.9631042,26.400604,4.7384453,16.180977,15.00101795,33.72025299,0.8
6.983229153,12.5034701,4.449045817,-10.662399,41.524933,4.6482735,11.907822,22.26574045,-16.64138031,0.8
12.19781928,23.80819702,7.80372111,12.272644,41.429306,2.861534,1.5219498,37.01297452,1.802871704,0.8
7.972742938,7.234217326,1.468816121,4.4321136,25.186874,1.4959335,4.248108,46.64401912,-2.643791199,0.8
4.600461952,12.14608383,3.787841797,14.924683,25.5598,0.9665985,6.482185364,43.55612727,25.66047668,0.8
1.062681372,2.297639211,1.868667603,-1.423584,31.42443,1.7029877,8.049393,44.84746413,4.146560669,0.8
1.684749448,7.221831004,2.376078288,7.3406677,24.28965,0.22102737,17.093246,47.82248502,-4.427627563,0.8
1.97003555,0.246940394,0.869228562,1.1772876,-0.52280784,0.9015744,0.38263988,1.425691347,0.319013357,0.8
3.897468236,2.765677134,4.94593811,12.924637,20.480652,6.5116043,4.545723,36.14967305,11.10327911,0.8
0.889777906,7.12290446,5.406443278,-9.61351,39.862823,8.735245,1.2407227,55.08252974,14.09390259,0.8
10.02409273,12.05181758,13.30700684,-4.1780853,39.86107,9.051155,1.0655899,40.16191926,44.38424683,0.8
1.317764021,8.824645996,11.29224141,21.80272,16.140167,1.9099045,16.61446889,44.32924204,26.93910217,0.8
9.211845128,3.250099182,14.98126729,-9.540543,29.459541,0.9481201,11.36951447,62.37349946,37.83223724,0.8
2.247081661,1.036941528,6.289316813,16.683731,8.244476,3.437767,3.783663432,44.12707239,59.44114685,0.8
6.36578697,10.01473999,13.59773763,8.200195,26.821983,0.6694336,23.79399363,48.78951292,10.2427063,0.8
9.208305942,11.32256571,6.751739502,-1.1131287,22.94149,6.5242157,14.171631,36.68154416,49.82659149,0.8
4.702097421,13.06957245,2.047236125,-0.29490662,32.35083,3.7090073,4.121582,44.48508672,46.72782898,0.8
2.350197179,5.513437907,2.205032349,-4.8562164,38.45938,0.7670975,6.097267,75.69807528,11.54414368,0.8
0.297647408,5.594741821,6.812444051,13.85611,18.26567,2.9105988,12.84402974,58.40060046,7.305412292,0.8
0.901501115,9.099853516,7.971506755,24.527863,29.60006,2.324829,9.428276,38.96170817,25.50640106,0.8
1.586216904,7.054735819,3.683324178,-1.9069366,28.130638,4.282074,0.0693512,54.28712778,-4.186645508,0.8
1.081146822,10.95105362,6.898579915,13.35318,20.05468,1.6959229,22.79136912,42.8497731,16.5067215,0.8
10.54722891,14.88470459,3.390523275,5.7760315,18.462364,5.585266,4.832305908,29.78112718,24.86349487,0.8
2.174950848,23.19407908,12.67630768,3.8653717,30.30745,5.532509,17.92215,27.61876229,66.66433716,0.8
3.048133496,9.738197327,7.928115845,15.419357,21.945755,2.291481,8.344863892,52.85378665,35.9443512,0.8
0.981134028,6.90568924,2.642603556,-8.288681,46.845566,4.5307007,9.883745829,57.2382565,43.88557434,0.8
8.309489104,18.17539215,0.801142375,2.3070679,24.444016,4.8652496,9.874779,28.39062767,-0.206344604,0.8
5.521664705,2.96162796,9.319814046,-14.130569,52.04625,3.090477,5.8394012,37.99517123,23.36340332,0.8
1.510762935,1.470595042,4.103205363,-10.269455,39.168045,16.096191,8.962135,54.47482036,5.767852783,0.8
7.539494174,1.335154215,8.82278951,-1.5884094,22.242203,1.8217392,20.940155,27.59095848,23.61061859,0.8
1.795009329,10.71544647,6.938176473,-14.669266,20.031967,5.501213,5.6684113,57.42201855,5.548820496,0.8
2.459766654,6.88680776,11.01523844,-7.9003906,23.426598,7.420574,3.1316223,36.46026022,29.36248779,0.8
3.749927105,11.22241974,8.595748901,-24.13916,41.948082,0.082099915,16.86312612,71.12469056,91.81981659,0.8
1.778997494,5.34098053,5.591761271,7.863022,13.081627,4.0149155,14.18356069,37.49816019,53.62025452,0.8
2.963178822,15.33235168,13.45950317,13.640778,19.339417,1.8797646,13.20900472,36.70540301,22.80883026,0.8
1.611813308,4.004862467,9.949564616,12.253143,26.410866,5.074745,11.565849,31.89123958,26.78266907,0.8
5.931238643,3.566819509,11.41859436,-5.765915,38.307144,2.736824,17.897308,45.58619034,36.69563293,0.8
4.09099882,2.730537415,10.38102722,14.032852,28.70958,4.942566,5.6518809,52.92589062,47.42176819,0.8
1.911685922,2.554546356,3.813557943,-0.06600952,37.832443,4.5281982,10.65125275,58.40149082,13.76142883,0.8
9.032329039,13.6771698,5.974283854,18.970215,20.988823,5.9642487,14.13456217,21.01464628,43.25370789,0.8
3.061791357,9.612594604,8.850072225,5.811264,18.572296,8.684311,11.22158559,45.22603824,43.24577332,0.8
2.501061008,12.04554367,3.876866659,-10.415558,35.66272,0.022972107,4.754196167,48.12197128,3.027198792,0.8
4.509106078,8.958826701,2.778849284,-14.916595,41.0187,0.30415344,2.622673,47.80004443,14.9397583,0.8
3.197023753,7.570121765,3.010253906,2.2022095,36.41906,7.6415253,6.7574615,49.22082552,15.06529236,0.8
2.934995211,5.625930786,3.769332886,15.608994,22.155731,5.7139206,5.72778066,61.47648748,32.68947601,0.8
2.473018342,2.509732564,5.178512573,-3.9516754,33.166862,0.54341125,10.10524,41.28066781,-27.2381897,0.8
5.849066063,8.078533173,15.87373352,13.279572,25.423096,10.05027,11.19345856,59.65360848,50.28279114,0.8
1.349950054,5.737836202,2.287836711,12.276886,17.848618,5.730896,6.1754,51.0620821,30.86029816,0.8
1.815491575,8.339027405,4.350199382,20.722946,14.862251,1.2978668,7.954421997,41.44594133,32.22183228,0.8
1.706892285,4.97290802,4.940872192,28.115952,20.154633,0.65393066,7.275817871,60.73981907,41.46633911,0.8
9.661355015,23.76850891,3.343510946,0.4808197,21.658592,2.1133614,12.57309977,37.61192873,17.60830688,0.8
2.915485538,6.520620982,16.85286458,-6.569168,42.91401,4.1021423,9.271095,56.58797564,28.91925049,0.8
8.072365105,19.23783811,7.925348918,133.62006,73.29076,1.2859879,109.23684,-105.9503072,38.05460358,0.8
6.979596868,7.548311869,8.135309855,-14.436462,43.8573,11.134178,9.334152,63.52053083,30.58919525,0.8
0.643149354,13.34622828,11.23609416,9.124084,16.614212,5.586273,9.681152,38.6510511,25.08042145,0.8
7.816974928,13.37022781,5.775166829,-5.4852295,27.919945,3.9817429,3.853871663,59.9986662,25.05556488,0.8
28.67908292,97.09586843,2.497548421,0.526474,10.298744,75.726425,0.38427734,28.7813757,97.56819153,0.8
0.762293744,3.04706955,1.102050781,7.978897,31.08886,5.4629173,16.17732239,37.31652869,49.09011841,0.8
10.03453443,40.46533076,12.20745341,-26.231873,48.621902,16.518059,0.020347595,22.87060738,57.09089661,0.8
1.532977203,9.339832306,5.667872111,-1.1685181,26.622597,7.672531,3.986620585,31.80158976,21.47533417,0.8
1.493848438,11.40059916,14.48126729,-4.069107,21.64505,11.390244,10.346565,40.58841256,25.50117493,0.8
3.88095426,7.380661011,1.624857585,6.1535187,27.631866,0.5203781,9.603289286,60.20942566,41.30056,0.8
8.068428427,7.02761968,14.04194132,-27.166718,35.254654,6.4547005,33.345314,0.258680372,49.74382782,0.8
10.36887097,16.856088,6.41704305,-0.74272156,28.82193,8.189087,8.607513,32.56690012,28.95314789,0.8
6.654910216,20.78072357,5.044809977,11.417114,20.348564,17.36412,31.49991353,40.02627721,44.54595947,0.8
2.603488018,8.86510849,5.836608887,-11.4674835,33.81555,0.3361206,10.4362793,61.06780636,34.25299072,0.8
11.94708787,21.36152903,6.178629557,-0.33596802,26.669357,1.2684822,5.001053,60.40916205,38.08469391,0.8
9.342244193,21.77423859,1.032272339,-12.972916,29.184174,1.3542671,17.50600942,28.67874688,17.9846344,0.8
7.398349488,14.65775681,6.525588989,4.2043,6.773773,5.786381,26.16920726,55.99518742,56.8795929,0.8
8.845747841,10.65150452,4.612253825,7.246521,18.884125,7.176285,11.4212087,50.38182568,22.95362854,0.8
0.676219069,2.530939738,0.928487142,-6.1802673,39.120827,0.904335,1.620575,53.98977571,17.87108612,0.8
25.49545872,67.06266499,9.974294027,3.9915466,32.858795,45.191208,10.66354116,30.99631732,64.28820038,0.8
6.760276395,14.15106773,12.25309245,46.540634,12.956833,0.82445145,20.34440867,80.64360801,53.28201294,0.8
12.18221703,17.4289856,4.291992188,-0.23417664,16.80513,2.665802,19.21668752,32.31672101,47.47296906,0.8
9.900750568,28.3396581,9.212824504,20.464966,3.3480606,6.7137527,3.8019257,26.39785791,11.50074768,0.8
1.508708035,6.404744466,5.8724823,2.1838226,44.950058,0.8010025,20.583931,66.64966696,28.94136047,0.8
0.62357705,0.497208913,2.194391886,-6.8483276,32.446457,2.0537872,3.7265167,47.70044779,-0.865837097,0.8
25.06953738,75.663661,6.111673991,1.4808197,24.269974,38.90229,15.77803,28.57480824,62.50708008,0.8
4.392500441,4.309570313,8.502156576,-1.4365234,16.057251,2.8626175,23.39152527,17.27032111,28.98498535,0.8
2.732711228,5.730099996,2.339823405,-6.1679077,16.151405,3.1922836,6.761177,31.61085899,33.41014099,0.8
6.214561439,7.873746236,2.032699585,-6.882324,20.718971,5.781822,6.412781,26.19019225,27.23767853,0.8
2.018721725,5.727572123,0.981811523,4.413986,14.490173,0.22706604,1.4256973,35.55280054,23.42630768,0.8
2.187609174,0.233083089,3.571645101,-2.6503448,31.463638,0.5801697,13.959587,25.07328487,55.77557373,0.8
4.21265879,10.126091,11.82443237,-9.145828,32.38418,2.912037,11.76003774,30.25152128,-1.074256897,0.8
13.08214906,7.444780986,10.43682861,-5.7462006,21.255844,3.0630875,7.4275665,25.86954979,9.518600464,0.8
3.807508964,6.931175232,13.2979482,-6.9618073,34.1112,4.916729,16.40229,35.1771807,42.29942322,0.8
2.4545506,7.661628723,5.226135254,4.472641,21.151031,5.1707306,10.7659785,46.10755359,22.04566956,0.8
1.73637327,1.63220342,4.812856038,-0.60632324,28.07631,4.6070023,16.917328,43.06684033,42.84649658,0.8
3.095720462,9.682305654,2.737248739,1.4874268,28.593193,0.7366791,17.76519,54.75705359,33.58895874,0.8
5.501665203,2.950012207,12.38124084,0.74534607,41.089417,2.8631477,6.9236984,49.05029161,20.39065552,0.8
1.190477998,1.697322845,5.64390564,-1.4479523,23.992943,0.5773163,10.377426,56.51303756,40.68840027,0.8
9.961463082,9.667516073,20.19229635,-16.526886,45.247055,3.424347,30.385574,55.0017808,48.89147186,0.8
35.52330854,108.8757261,14.4173584,3.8243256,34.08307,25.639915,10.011559,66.1112446,44.91017151,0.8
9.583526156,20.12680817,2.08047994,21.995667,25.709007,2.3358345,8.359553019,66.34845885,34.48999786,0.8
7.188753362,9.131406148,5.205759684,2.2162628,19.467735,13.288143,1.895752,43.46198766,33.45910645,0.8
0.179229327,5.582633972,1.400543213,-17.364243,22.657211,3.5896263,23.06847382,24.87164042,21.18261719,0.8
3.790383452,15.23506037,5.288045247,-11.232605,30.579529,2.7235184,5.359558,60.59077782,19.00486755,0.8
0.377150656,5.396072388,8.086995443,0.9356842,34.158966,9.419788,9.771347,21.11418952,7.359512329,0.8
1.41389338,7.266263326,4.152236938,0.9304962,40.73275,2.836998,6.7345047,47.71408688,30.91757965,0.8
7.436627719,10.81350581,8.667348226,-7.592575,36.69432,20.758953,3.7977524,55.72628999,20.48405457,0.8
2.602948713,7.994622548,2.842453003,-6.2866516,45.96646,1.079464,8.484573,28.04011007,30.42782593,0.8
9.397637536,10.51614761,7.689178467,-18.340134,23.501114,6.6175995,5.295377096,34.7828998,58.76638031,0.8
4.355996471,2.880421956,9.988810221,11.154694,35.91546,1.645237,21.132286,29.94501356,-24.33888245,0.8
6.552704773,2.002909342,15.41856384,-11.345261,42.70285,13.146572,1.3038788,59.95616688,23.17544556,0.8
4.92311265,5.935052236,4.685343424,-29.820007,45.368584,5.1623917,7.795517,59.02056033,10.45786285,0.8
1.245572196,5.348972321,2.005401611,-2.0975342,40.5832,6.925129,17.138634,47.25829897,5.374862671,0.8
1.848836325,2.695073446,1.786819458,7.0338287,36.805374,0.19120026,5.119156,60.59451403,14.61878204,0.8
3.320026924,1.368040721,10.86402893,-15.491959,25.542,3.7199821,8.139961,42.4894661,18.69300079,0.8
0.118601618,1.058753967,3.189890544,-8.386536,38.763824,7.3495903,12.424576,73.59218284,32.46052551,0.8
0.186926259,3.210235914,3.994394938,-10.766739,40.375854,10.347179,8.55761,64.19120706,31.01635742,0.8
3.939628858,10.32437515,2.518356323,-21.855774,24.95443,1.1685181,3.995575,34.75947309,21.85840607,0.8
1.167370508,1.616685232,3.622304281,-0.9157257,23.891731,7.705139,4.316063,34.43351238,29.86269379,0.8
2.67079399,8.88789622,3.71089681,-0.79322815,43.139717,2.9039803,0.373024,78.74655261,23.99547577,0.8
4.751167333,4.779272079,8.817921956,-7.4421997,51.04197,3.2994118,19.61625163,101.9723019,68.77476501,0.8
0.255635925,3.247550964,3.26596578,-7.2981873,35.10018,2.3300438,6.908325,75.40867518,29.81829834,0.8
5.844453373,6.391695658,8.780812581,-8.385208,46.564804,8.283005,15.185043,73.56250195,39.72232056,0.8
1.00446365,1.53001531,1.896102905,-12.128555,32.927666,4.050789,1.2021484,47.81653242,52.97969055,0.8
0.602694733,9.874973297,7.674601237,-6.0016785,55.846718,1.5370331,14.09525045,93.16660127,27.87759399,0.8
1.119088029,9.35475413,8.229507446,-4.664337,37.87877,2.686574,3.3641586,49.53820512,20.58071136,0.8
1.140086675,9.199638367,2.634104411,-5.4246216,24.092667,2.3182716,14.731911,36.40995296,38.73390198,0.8
4.578253002,17.31462097,6.430903117,-1.8471069,26.11393,3.8347607,1.3848419,46.28821176,18.21551514,0.8
3.229874264,4.42976888,4.916595459,-6.344284,26.328766,5.2812138,12.441162,22.79621344,11.7301178,0.8
1.266920665,8.469772339,16.97043355,2.1470795,39.21895,0.2647972,15.00612386,71.80082841,1.204437256,0.8
0.533153079,7.514546712,3.914820353,-6.0983734,31.151077,7.0878487,8.78643,7.913218166,30.41632843,0.8
3.278830165,1.296035767,4.591049194,-11.593231,28.691322,1.2660751,0.15003967,34.34559946,-14.5472641,0.8
4.706710384,8.246733348,7.372909546,-0.1329956,39.21482,4.922184,14.010712,83.15662501,-43.72402191,0.8
67.88933182,141.9413007,3.806793213,3.980362,41.84704,155.41132,8.718452,69.58022592,-30.43771362,0.8
3.554334322,10.62687683,5.513524373,-0.6222534,40.476227,0.53835297,5.1236954,64.45737278,26.25837708,0.8
1.395650935,1.844221751,0.705459595,-8.0877075,35.709915,4.89917,13.310692,35.18726921,1.661018372,0.8
5.372240891,5.075548808,6.293029785,-1.5159912,38.778397,3.6808395,9.34491,45.02530734,6.515731812,0.8
45.01577813,51.86928463,217.9184806,3.2069702,31.951584,0.8956413,10.37469991,106.0613632,-314.384613,0.8
2.386480782,7.555057526,3.721817017,-7.308731,48.38681,2.7288513,8.266003927,95.13869809,31.88223267,0.8
2.376915844,13.21191978,2.519877116,-14.109863,34.672615,1.5642929,8.585797628,36.31058827,67.40393066,0.8
2.950513752,1.333506266,6.534912109,5.698105,32.074356,1.6476059,10.075912,47.61309579,-2.09702301,0.8
5.783754569,9.930821737,1.80674998,-14.3776245,20.68277,0.5691757,10.799942,16.28276353,13.84108734,0.8
1.875703385,2.196048737,5.301712036,-6.0263214,20.106361,0.6710968,0.8579254,42.9184987,8.447395325,0.8
1.074771194,5.065803528,2.142232259,-10.96756,33.579765,4.966694,2.9379578,32.23695534,25.12265778,0.8
5.387588821,2.432342529,5.262453715,0.2637787,17.871178,1.3429718,9.3098755,31.67803065,5.534744263,0.8
21.89798827,8.290428162,13.36672465,1.5046844,13.318161,2.8507538,78.32215,2.781590979,-19.48828125,0.8
9.466370662,5.128245036,4.04544576,0.22485352,15.903839,0.68644714,1.5741043,27.45250643,-0.841850281,0.8
4.985604268,1.170318604,4.417114258,-6.7528076,13.282349,0.70877075,4.5348053,26.36495876,13.58465576,0.8
82.8974254,134.9162769,188.4184882,-10.663544,14.112717,70.956024,13.419693,26.60342664,-277.6422272,0.8
11.91526398,5.644378662,7.538019816,0.47579956,18.543716,2.6731567,9.470032,25.72533389,6.751281738,0.8
31.84906654,93.1998175,1.497680664,-6.8498077,18.269264,72.35806,9.373268,27.45813496,68.00473785,0.8
2.27691155,2.887532552,3.684715271,-8.42511,22.031052,1.8249817,6.047966,28.97233107,4.679344177,0.8
0.370195363,35.22547404,50.84081014,1.3319244,-23.74337,2.996498,4.144943,-19.32951058,-45.89944458,0.8
48.86059506,103.3338153,10.64274597,1.2992249,0.48924255,44.523342,10.571518,5.106806241,-228.9407959,0.8
3.849847705,7.086324056,2.907824198,5.495041,14.45282,3.8289452,4.829651,17.20473079,1.135463715,0.8
1.774632155,2.353802999,3.834154765,-2.6987457,13.220627,0.39860153,5.9306564,27.28356362,9.07466507,0.8
2.969363699,2.935030619,3.098386129,-2.4719696,9.972748,3.9113426,1.7848015,8.338599863,-10.61595154,0.8
2.0387342,1.55921936,5.13470459,0.22650146,16.049843,1.8448601,7.878174,22.2514068,2.502601624,0.8
11.91526398,5.644378662,7.538019816,0.47579956,18.543716,2.6731567,9.470032,25.72533389,6.751281738,0.8
2.27691155,2.887532552,3.684715271,-8.42511,22.031052,1.8249817,6.047966,28.97233107,4.679344177,0.8
1.236416426,3.526631673,1.514078776,2.1288452,17.462814,3.2289124,0.7750168,31.9029618,8.391853333,0.8
11.30530162,17.30648041,4.816802979,9.914047,21.581696,2.1003876,7.770744324,63.60025604,30.78338623,0.9
3.240175617,4.088061651,5.069226583,7.2665405,34.269333,0.42768097,6.720749,52.96855838,30.65440369,0.9
0.078460759,2.033983866,2.827153524,-8.743881,49.045876,7.648735,2.814064,63.32156471,46.3913269,0.9
20.81540124,61.56838322,6.086466471,5.0358124,39.963165,30.967796,4.635197957,63.2723527,67.20487976,0.9
4.162809583,13.97930908,4.423202515,-16.924438,28.141739,11.399036,18.74612172,22.09481118,27.04912567,0.9
18.48805581,57.10208956,5.343851725,-1.4490356,41.09472,83.5927,12.862709,72.67195936,108.9446106,0.9
9.272027251,10.33348338,6.951019287,14.861755,20.281097,2.0458145,11.20034,37.78501317,10.81025696,0.9
2.09884736,0.543245951,4.071431478,-20.61853,28.93161,2.0313454,1.9334335,55.59024361,16.1639328,0.9
3.659784316,8.492209117,2.97324117,-26.357239,32.908287,4.284439,1.1156845,69.752393,14.4259491,0.9
0.968305318,4.468348185,3.246236165,-10.985184,30.521248,2.53508,8.829964,38.57457418,19.14186096,0.9
4.704907401,11.30990283,9.01940918,-14.686111,75.609695,2.2392044,8.996048,63.63485196,21.90795135,0.9
38.60932283,43.70252991,3.051671346,48.54924,32.69355,70.7961,17.572601,61.67736972,-215.4767761,0.9
4.02421433,4.09538269,8.532104492,5.0241547,14.872284,0.9265785,2.941515605,43.30931672,31.53954315,0.9
1.255526213,8.817222595,2.716120402,-1.3736267,22.451836,2.9149246,10.23285166,38.3124026,33.38705444,0.9
1.600350497,7.64186732,12.51908366,-1.7871246,23.488792,2.0728455,4.1066895,33.63370295,-4.538024902,0.9
5.344213883,33.69960976,14.29368591,-5.176651,40.502403,1.7913704,7.68069458,71.38932479,0.149215698,0.9
2.282336274,2.817415873,3.124547323,13.456894,35.806427,5.065571,7.234703,67.77629052,35.35301208,0.9
3.121335948,9.731175741,2.079188029,15.523895,9.573441,6.0773125,18.294426,33.57579508,67.84623718,0.9
0.986997231,5.581993103,5.278930664,2.010086,26.68708,6.5004883,8.172701518,56.1096778,41.28219604,0.9
4.087590925,4.599291484,10.24758403,6.638092,11.99807,2.5180054,14.3414,24.84125721,23.50379181,0.9
1.798747526,1.662068685,2.008336385,-6.1309357,23.66838,1.9560165,0.74131775,45.90308545,11.49053955,0.9
4.94381599,2.615979513,9.510940552,-1.9384613,25.187004,0.15484619,8.300842,37.59006431,27.99056244,0.9
0.434737399,4.668945313,3.025126139,-22.417282,24.8806,3.5443344,0.7300186,41.07945256,15.87210846,0.9
2.330340656,9.752023061,6.789240519,10.852905,29.089676,5.192627,12.375557,37.90965879,23.33772278,0.9
6.392382435,1.823329926,12.04029846,1.4022369,23.642906,0.5997734,3.329905192,49.36475903,35.52412415,0.9
2.777840134,4.766949972,4.117863973,5.8079834,12.4327545,2.2019653,5.5270004,30.30264326,31.76885986,0.9
2.253158897,3.771221161,6.504353841,14.747925,38.097,1.2002602,3.113932292,61.01784343,9.398193359,0.9
3.885576456,8.921017329,1.599238078,-38.624435,30.82917,1.4002266,2.2171402,34.28455668,14.58805084,0.9
2.382748647,2.31464386,3.111658732,-2.9830322,33.892303,0.6352005,13.237312,56.0288784,22.76054382,0.9
1.612249646,1.80779012,1.779444377,-0.731369,37.495537,4.9604187,1.2869949,59.05344729,-7.120140076,0.9
1.097544386,9.560523987,5.936701457,7.237152,19.739098,0.8615494,1.489501953,38.21302518,37.67275238,0.9
4.487996115,1.841718038,4.632990519,8.98288,25.419945,6.5926437,3.469696,40.89855721,49.61823273,0.9
2.310661858,5.418715159,1.116048177,22.593582,28.828293,0.35957336,3.1256943,52.70148948,14.02980042,0.9
3.537352158,4.020754496,11.21751912,-10.018204,23.7557,2.3832703,5.0937347,16.5726908,38.77810669,0.9
16.53885739,5.882579803,45.29783122,2.4641418,15.576668,54.699318,6.98378245,118.193219,40.81398773,0.9
0.216072698,3.188913981,3.369618734,-7.054016,35.627968,7.5956345,9.462311,49.81747034,12.56936646,0.9
4.503283158,10.40892792,2.327229818,-22.109894,27.255516,6.078285,6.148834,64.62445097,3.030097961,0.9
6.454371672,1.635173798,16.12521362,-16.98816,34.680992,0.1202507,25.134575,44.15288234,10.75871277,0.9
1.870474601,15.46324921,9.430704753,-17.07051,29.381691,0.35694504,8.335189819,56.10195836,28.65858459,0.9
1.394997449,11.24106598,7.427963257,-17.74582,17.1763,5.272728,4.6077194,10.42933578,18.15459442,0.9
5.878761394,6.109558105,3.776041667,10.627182,19.619904,0.37553406,14.36663564,35.07739987,30.13702393,0.9
5.249817472,11.4927241,2.839533488,13.895172,23.033585,3.661255,7.4479218,34.76957536,16.14651489,0.9
5.695872165,9.470672607,3.496317546,-9.371506,36.239105,5.314766,0.16243744,47.51816932,15.48799133,0.9
0.587978057,2.274435679,3.135696411,-1.5175781,21.332146,5.6853256,0.34218597,35.60772294,52.63845062,0.9
2.028823688,0.995470683,6.782353719,6.9111633,24.301773,0.41448975,9.770813,35.07027016,17.49198914,0.9
3.608579652,16.09172058,4.255055745,4.0284576,10.6392975,1.9843178,8.183736165,66.79077286,32.63348389,0.9
3.226250147,8.181838989,2.884155273,6.149002,17.254463,5.1030655,16.97667694,59.19315049,46.82931519,0.9
5.282126136,8.291908264,6.171651204,12.00383,18.486221,1.4431763,6.361628215,58.21083506,41.97019196,0.9
4.036199002,10.32786051,2.311645508,7.205429,38.102737,0.87734604,19.782173,61.54183058,32.96986389,0.9
2.43878327,0.790781657,6.317749023,12.5469055,23.128311,3.3095398,3.09906,42.48306165,26.46824646,0.9
0.61987359,2.477333069,3.286865234,18.119797,24.11744,2.5412598,6.399083455,71.84198679,35.5025177,0.9
0.256737026,3.69449234,1.870788574,8.275177,15.956184,1.5012398,10.43501536,32.17423814,35.76322174,0.9
1.699967077,7.827934265,3.954986572,9.615082,20.72847,0.7992401,13.02462006,59.36266843,22.13128662,0.9
2.552083238,2.522727966,3.769673665,4.2570953,31.84208,2.3752136,6.271225,40.97928536,6.847625732,0.9
6.336797492,12.30673981,3.536076864,14.666977,22.998016,1.501751,16.74487559,58.96835127,19.29626465,0.9
5.489451579,11.71059799,3.022867839,6.632553,27.747635,13.113892,10.841019,61.17950354,37.53014374,0.9
2.452150767,14.68354543,4.404123942,3.196701,22.199097,28.75518,0.7359619,119.0768836,45.4892807,0.9
1.443986161,7.012817383,3.19333903,-3.2639923,16.63897,2.7315903,9.289253235,23.04155303,45.00234222,0.9
2.606685546,7.192240397,2.280329386,0.46343994,28.286514,3.3984756,5.1963654,49.26897259,24.81751251,0.9
5.387367561,3.844230652,5.074193319,-3.1899414,41.77469,6.6313972,1.2476044,72.73506486,-0.923652649,0.9
4.99366673,6.523971558,13.20233663,-0.6890869,41.545578,2.6575089,12.85768382,64.52650581,45.44594574,0.9
7.541077374,15.84362157,5.656265259,19.217285,22.94944,25.684616,14.752548,54.6951866,52.18146515,0.9
3.711783493,4.094657898,4.764378866,7.3576813,27.836311,8.219749,5.5484543,34.47902814,45.58348846,0.9
1.394720922,8.909072876,8.28968811,-1.0626221,24.680908,4.5002975,9.078826904,32.09977608,31.49936676,0.9
15.17165647,61.53374767,6.368631999,-0.78100586,38.17502,51.23336,18.70581818,81.24972226,95.67915344,0.9
3.257939886,8.701735179,3.906555176,1.4488373,22.0167,5.392494,1.3270645,31.63220008,38.8351059,0.9
4.312080152,6.162380219,1.111343384,-0.5760956,40.82863,10.13068,6.547325,43.24318499,31.73814392,0.9
3.485018297,10.23211034,17.4543457,-3.6632538,34.841583,18.026169,1.7333221,29.35117083,36.87704468,0.9
20.51755644,80.49539836,4.743199666,17.054535,18.733307,77.333954,14.409241,38.14349085,79.75325012,0.9
1.415305271,8.941291809,9.479314168,5.6317596,33.220505,14.686806,10.53546143,41.13538216,22.10990906,0.9
5.694214339,5.741416931,5.797424316,7.724991,26.093765,7.401016,6.613556,40.70450106,30.17140198,0.9
8.498654536,1.370513916,13.96918233,-1.0375824,20.413887,0.91231155,8.475547791,44.53016812,39.53977203,0.9
2.616711942,1.966105143,6.459391276,-5.623184,40.15798,3.4669418,2.0444489,57.61260517,13.10409546,0.9
3.571642732,10.74188232,3.32111613,4.774475,32.792885,0.5617943,2.8628922,63.98863055,47.54862213,0.9
3.686219079,2.346509298,7.127360026,11.579224,21.744583,3.729557,0.6144943,43.73934069,33.15058899,0.9
1.319858095,0.962385813,5.29729716,3.7868652,35.11493,0.47254562,2.6511307,57.5141408,3.2370224,0.9
1.756021411,5.364177704,3.142237345,14.783554,24.328186,1.4810333,13.25830332,60.18731905,16.04708862,0.9
13.42537755,29.20889282,10.21517436,16.626282,22.968094,2.4495735,4.30917867,69.29175583,53.91413116,0.9
22.68862443,34.05037435,4.796297709,11.967987,36.398422,0.30194855,10.492378,69.08220869,10.93952179,0.9
25.32529336,88.9515481,1.684707642,-7.6355743,21.861519,74.93767,12.193558,20.25817385,93.34455872,0.9
3.639457757,1.671539307,5.709269206,-12.909134,18.172783,6.702965,7.7498093,26.33772773,28.75695801,0.9
3.692473487,4.233154297,4.852427165,5.7842255,19.15535,10.670334,2.788553874,48.8597723,43.1760025,0.9
4.298984759,3.322672526,4.65075175,-12.897995,25.528801,2.595192,3.6536102,15.22282646,-29.14435577,0.9
1.032107944,0.775830587,2.288167318,0.99967957,24.518936,2.6905136,1.498703,22.80542801,28.22299194,0.9
1.133750244,3.063049316,2.455266317,-4.413376,23.329712,0.08457947,12.53569,28.90815828,35.21774292,0.9
0.023429567,3.351369222,0.959915161,-6.6038666,25.646591,2.712326,6.1433945,41.62181692,29.69294739,0.9
2.887688972,3.939666748,1.491373698,-4.92305,26.547173,5.0421295,7.7113953,37.10086486,14.77555847,0.9
5.802122008,7.63860321,1.822357178,-0.8223114,25.28267,12.006744,8.336433,33.3894294,21.96765137,0.9
3.703760713,14.2632548,15.03389486,1.9723663,23.592163,0.74851227,12.825684,24.89876085,20.17902374,0.9
0.798442765,7.179512024,6.093963623,-2.2016296,43.98987,5.2949142,4.578280131,37.38467417,22.07258606,0.9
0.614054473,2.562032064,3.237533569,-1.93573,21.24794,4.10244,1.7864838,29.13629259,20.89307404,0.9
3.789930649,11.5834198,1.225962321,-4.6306458,16.075264,3.250763,3.48232015,36.28754793,34.95977783,0.9
5.277560169,11.65666453,2.266418457,-11.901154,31.14891,4.909996,22.119812,43.382462,31.70124054,0.9
0.704803927,3.876220703,1.817860921,-1.3622437,11.592926,0.53754807,6.456700643,52.16795777,57.62537384,0.9
0.889114903,2.295783997,4.899780273,-10.658218,21.463745,5.3646927,2.245842,34.31854464,23.56114197,0.9
3.315184948,7.555834452,1.501373291,-4.2786713,28.115814,2.783516,2.635788,28.257903,5.924972534,0.9
6.448810646,13.30344899,5.435139974,2.1187592,32.182243,4.358509,5.999382,68.45410563,42.06743622,0.9
1.834656757,11.61340205,7.4740448,1.9163971,21.225014,1.2589836,5.5665283,55.116714,47.32870483,0.9
3.281985079,7.239794413,3.168319702,-10.03418,48.28499,6.065422,13.543808,60.58977309,9.81162262,0.9
7.453764076,16.89822515,0.66212972,-5.356537,26.136429,2.9606895,0.09918976,33.60600894,25.51264954,0.9
36.01413414,84.4623661,12.71354167,0.1761322,16.298233,40.74084,13.607498,8.414470965,54.74164581,0.9
2.903522427,2.527252197,6.175989787,1.7697906,35.07824,0.71629333,19.47879,41.67033468,32.06469727,0.9
2.049955579,5.076560974,0.87634786,-5.1049194,19.0083,7.0079803,7.0006714,49.06250937,29.90952301,0.9
4.481243336,13.43284353,2.597834269,7.096588,29.996574,6.0631943,1.9458237,50.53891175,0.674545288,0.9
0.941462396,1.216734568,3.39873759,-3.6345825,27.29512,3.7000237,4.5850754,44.90460665,21.77609253,0.9
4.836908973,4.213260651,15.72460429,-4.502655,36.60166,3.5654297,29.40084,31.94153899,-0.969528198,0.9
0.015324081,4.713080088,2.398320516,-11.653091,22.808716,2.9334183,14.868362,45.10984745,41.68751526,0.9
7.755630551,10.05250041,7.907363892,-3.2116394,34.006058,0.12868881,21.923042,33.61174084,27.21166229,0.9
1.908199986,6.631685893,5.638621012,-1.1767273,36.302063,11.430222,8.965408,21.22903212,25.91946411,0.9
0.013347099,3.369186401,3.706848145,-14.490128,19.71685,13.366295,14.573891,8.182631084,14.83128357,0.9
3.12526569,3.156904856,2.693598429,-16.52092,27.598038,9.987671,0.23310852,30.58296841,5.473587036,0.9
5.800295872,9.522521973,2.648773193,0.4303894,41.52368,7.6222725,3.226204,63.12830197,33.3604126,0.9
6.319559544,6.795303345,4.938557943,-9.962494,45.660706,2.7365456,20.01143138,85.83960063,28.33927917,0.9
0.13190187,3.208770752,4.194580078,-27.095215,33.353256,9.754868,7.7296143,51.84104852,31.42608643,0.9
11.12848822,24.76397451,2.221837362,-23.4879,38.524216,4.5748634,6.433975,68.48562101,40.89813232,0.9
3.481289697,12.55915578,3.882990519,-1.4241333,34.448364,7.048805,1.3255997,75.71611557,23.54798889,0.9
3.057532916,10.39360555,2.740951538,-6.0951385,21.536674,8.476179,4.6868362,18.97293372,26.79016876,0.9
1.456648253,2.944877625,8.273790995,-8.033478,31.493988,2.4662666,0.8482971,37.11471154,12.6455307,0.9
0.666643866,3.292188009,3.121429443,3.072464,26.37082,2.7138138,3.2217026,47.49497238,13.05609131,0.9
5.260236625,6.173173269,1.879948934,-10.435959,35.72558,1.5222397,10.81163,51.55615658,-3.127334595,0.9
2.463210054,6.231098175,4.58396403,7.6502533,39.289337,5.186146,3.034111,46.41848984,19.23733521,0.9
0.483813622,1.831283569,4.018381755,-2.6357422,32.28054,6.1710205,3.3399582,35.87249372,25.75513458,0.9
5.940601208,15.72564443,2.52700297,-7.0096283,29.433609,5.3726482,6.4124527,42.07384456,15.3068924,0.9
5.145510073,6.248282115,3.475529989,-2.9766235,30.725632,6.074358,0.84451294,32.84037954,44.38999939,0.9
6.998547679,11.39614868,2.582855225,-10.289444,17.39344,1.3664246,4.25524648,36.3656354,37.00232697,0.9
0.298141064,4.14845403,7.306376139,7.3281403,35.037323,2.8032799,1.1024933,63.85124646,14.81835938,0.9
0.473618647,5.819725037,1.619486491,-2.9378662,19.262238,1.9806671,6.326820374,34.46130441,25.48342133,0.9
1.551611463,5.892442067,3.394816081,-6.2858734,34.88739,0.097831726,2.2900848,62.58561015,5.905052185,0.9
1.900270257,6.935953776,4.408365885,4.4270477,28.713097,0.7438278,1.7153778,41.89629829,22.67584991,0.9
7.50474275,11.87137349,6.508056641,-7.89003,42.784843,2.9271946,4.338295,44.5423969,19.33425903,0.9
0.091066272,6.231737773,8.180455526,9.951019,36.13601,3.2234344,2.8254852,49.05448155,16.78077698,0.9
4.096958881,10.57755534,5.037826538,-3.0474548,44.687523,2.800476,16.72271,20.3101887,22.45458984,0.9
4.836293255,3.284536997,3.119158427,-2.1940155,22.296143,3.673462,10.425049,32.55590141,8.563980103,0.9
3.927109931,3.825466792,14.05917867,-7.328186,39.033333,4.818859,6.4993744,84.14698555,30.320755,0.9
2.957164639,0.700093587,5.726847331,3.5399017,11.4541855,1.6292534,13.474457,23.07507649,8.631637573,0.9
2.904511032,9.667894999,1.335764567,1.7229767,22.745102,1.9007874,24.703835,44.00248269,39.94960785,0.9
0.034801285,1.518513997,3.41700236,-11.45549,17.954704,2.7574234,4.4228973,30.09383924,27.35786438,0.9
12.62516744,9.206939697,14.6852773,-25.385712,47.143173,82.99306,19.410515,12.63274682,0.128852844,0.9
1.22905629,2.196614583,2.403910319,-18.50409,37.54677,1.6076393,14.383209,41.17282375,16.15142822,0.9
3.471569912,7.695227305,0.665608724,-2.4896393,23.326767,5.6457596,15.277489,19.70862989,31.63027954,0.9
3.057532236,0.509880066,4.753468831,-0.3143463,18.53479,2.6058197,5.3936768,30.86636653,15.50665283,0.9
2.833989599,4.432515462,1.855448405,-4.947464,19.52237,4.9115067,5.8537445,16.96015915,11.2646637,0.9
6.39974281,3.258506775,3.071467082,-19.973343,20.678177,0.009780884,6.873703,30.48724998,13.51952362,0.9
4.69553376,2.932678223,3.172144572,-7.3301086,17.061203,1.339508,5.140877,21.58447595,4.247276306,0.9
0.255701203,2.903625488,1.920163472,3.821579,15.795036,0.03264618,5.597061,35.27952652,9.758544922,0.9
15.71230232,3.967203776,11.73605601,-4.146942,13.897598,3.1411362,3.4453735,21.5146211,-12.56498718,0.9
4.014163063,3.522961934,0.956008911,-4.715378,23.134262,1.1728516,8.090164,32.03545846,14.86959839,0.9
3.189607377,4.19321696,2.344515483,9.101471,14.734077,1.1055164,0.470829,18.65439233,8.626663208,0.9
1.427042876,1.993181864,0.534749349,4.050888,17.553513,0.49181747,5.6792755,28.81726755,12.66929245,0.9
2.931556937,3.366686503,2.808492025,7.7002106,11.326302,1.2051773,5.323429,18.60817864,4.093307495,0.9
3.368855554,5.534500122,5.555580139,-0.35958862,10.250702,0.2637539,4.9322853,24.16538493,10.56333542,0.9
0.255701203,2.903625488,1.920163472,3.821579,15.795036,0.03264618,5.597061,35.27952652,9.758544922,0.9
0.172894046,1.999148051,2.334490458,4.1512146,17.03933,0.32281113,6.4764786,25.57950735,7.829353333,0.9
31.84906654,93.1998175,1.497680664,-6.8498077,18.269264,72.35806,9.373268,27.45813496,68.00473785,0.9
15.71230232,3.967203776,11.73605601,-4.146942,13.897598,3.1411362,3.4453735,21.5146211,-12.56498718,0.9
6.931421983,5.196769714,1.059799194,-2.041687,18.989822,1.2596359,4.538681,21.80205301,7.367687225,0.9
