feature_1,feature_2,feature_3,feature_4,feature_5,feature_6,feature_7,feature_8,feature_9,feature_10,feature_11,feature_12,quality
18.94800568,14.679016,48.45817566,43.55358887,23.37405396,-20.179535,-25.084122,7.3873215,48.92077,32.160126,2.6581268,2.6581268,0.6
10.16290283,-1.0786438,34.1051836,37.00173664,40.82658911,3.8248525,6.7214055,10.083153,75.1885,24.918564,16.374184,16.374184,0.6
3.494506836,17.452454,25.90307617,43.66695023,37.14376068,-6.5231895,11.2406845,48.945316,30.331825,39.310303,21.028336,21.028336,0.6
8.76352183,10.806961,45.90152613,57.56354396,88.95889918,31.395355,43.057373,20.745674,32.030487,105.899506,20.604874,20.604874,0.6
9.110618591,7.2811127,33.61894989,47.96489716,91.2948246,43.329926,57.675873,32.584637,33.693382,4.652588,16.90593,16.90593,0.6
17.07687378,7.479904,54.60116196,49.98382568,78.77297783,28.789152,24.171816,8.466774,42.065758,-0.4420166,20.639847,20.639847,0.6
32.9528656,48.76944,35.63425064,54.50216198,63.5424037,9.040241,27.908154,23.298744,25.553772,28.82904,22.57898,22.57898,0.6
3.843307495,17.936249,40.11518478,36.32805634,65.05754852,28.729492,24.942364,11.452522,39.350464,21.039993,22.507698,22.507698,0.6
7.559557597,6.68779,29.45766322,30.13271205,56.96795718,26.835245,27.510294,23.418404,19.349548,106.15825,17.75026,17.75026,0.6
12.61780548,17.672867,57.38975906,55.97938919,82.24482107,26.265432,24.855062,21.337719,30.586746,25.797798,22.624939,22.624939,0.6
102.038805,-1.430954,3.193332672,13.74091721,51.5749135,37.833996,48.38158,8.336975,24.632233,127.46419,12.661453,12.661453,0.6
11.85352325,19.716385,20.03208685,22.9333111,23.24122083,0.30790973,3.209134,-0.02058363,4.8352327,34.943268,12.694019,12.694019,0.6
10.8957634,39.263855,37.11471272,40.33761573,41.49381959,1.1562039,4.379107,0.5645318,93.87634,15.4629135,24.622452,24.622452,0.6
22.48371124,2.0999298,45.35238194,45.05804491,47.00428796,1.946243,1.651906,1.2834363,144.17842,62.003998,13.229469,13.229469,0.6
12.1102066,29.831314,47.10844994,53.66548443,60.64827943,6.982795,13.539829,27.412525,78.013596,16.927063,20.57473,20.57473,0.6
2.913515727,-7.264511,36.68078931,40.16777356,40.70287253,0.53509897,4.0220833,0.33738136,116.45431,111.099655,23.864098,23.864098,0.6
28.23279572,28.43898,48.75401163,52.29658055,53.68695128,1.3903707,4.9329395,0.20193696,134.57996,6.0753937,30.107681,30.107681,0.6
8.614807129,9.706482,48.04784775,51.10846329,81.43483448,30.32637,33.386986,8.814957,45.2754,25.413826,14.93676,14.93676,0.6
4.852554321,34.608536,41.05480766,45.42471123,62.42427754,16.999567,21.36947,21.796902,61.2842,33.585945,23.315315,23.315315,0.6
12.41203181,36.030487,44.89276663,47.52778451,48.57023052,1.042446,3.677464,0.099701405,153.60081,96.63403,34.561058,34.561058,0.6
19.28559494,10.676025,35.75312996,60.43141413,65.03988981,4.6084757,29.28676,115.002335,3.4482727,31.733414,3.6087646,3.6087646,0.6
11.00911331,17.342697,29.70344162,36.11741447,49.55688858,13.439474,19.853447,40.743595,35.990646,-9.0696945,10.594009,10.594009,0.6
10.51974487,8.800049,26.25639343,24.83954239,48.295681,23.456139,22.039288,23.182007,32.68818,5.5003815,9.621414,9.621414,0.6
13.80174637,16.712708,27.0693512,42.6843071,53.60438585,10.920078,26.535034,57.577698,25.671822,33.735123,20.467705,20.467705,0.6
7.447143555,22.932281,15.70960617,38.05643654,61.46220255,23.405766,45.752598,24.129948,17.337738,26.01416,14.468826,14.468826,0.6
4.325976054,8.366455,39.9599088,36.68610891,76.765179,40.07907,36.80527,32.155975,24.769905,116.95203,8.872818,8.872818,0.6
10.02194214,5.502182,31.58377457,34.53317642,53.96851063,19.435333,22.384735,22.187157,65.54294,16.600616,16.318558,16.318558,0.6
9.632339478,16.461113,35.594203,28.80732536,46.27203703,17.464712,10.677834,26.527237,30.205772,39.55815,17.8544,17.8544,0.6
6.093320211,11.501022,13.76134618,15.80726369,33.79074605,17.983482,20.0294,17.483093,11.188225,124.4965,9.348312,9.348312,0.6
16.09977595,9.297028,45.05841891,49.39244811,50.32338742,0.9309393,5.2649684,-0.12690067,124.37987,132.3043,22.440796,22.440796,0.6
5.94569397,9.99263,47.13907814,36.08084488,60.92406893,24.843224,13.78499,14.793678,35.792305,21.032166,22.767944,22.767944,0.6
2.573219299,31.248001,30.5293541,41.65583038,73.61809349,31.962263,43.088737,33.877426,44.289074,5.079796,14.064751,14.064751,0.6
12.13739395,17.99057,42.16577339,41.10783195,62.81825876,21.710426,20.652485,33.523483,55.213844,39.859863,28.833672,28.833672,0.6
127.1333847,6.190979,13.3518486,1.835212708,52.48111916,50.645905,39.129272,-8.430107,55.38456,70.754745,17.133545,17.133545,0.6
20.93265533,8.83786,51.92676163,49.7024231,79.58625793,29.883835,27.659496,6.9763374,40.224556,16.794884,18.628036,18.628036,0.6
134.5403147,-11.299225,10.56654739,17.85251617,63.06670856,45.21419,52.50016,6.1015778,36.344902,28.514381,5.5439606,5.5439606,0.6
3.542709351,15.270309,31.88397217,42.97093201,83.99449253,41.02356,52.11052,24.35865,43.594994,35.962814,21.04943,21.04943,0.6
116.8870807,28.322021,14.10070419,30.31356049,56.12701702,25.813457,42.026314,50.375885,47.108,179.10355,21.900162,21.900162,0.6
110.7208457,20.005722,11.45999908,19.55480957,49.56365395,30.008844,38.103653,19.054672,36.214783,32.756126,19.885017,19.885017,0.6
140.1850129,15.745285,-20.10013326,9.668795268,51.2319018,41.563107,71.33203,1.0607529,43.845474,115.57493,21.130066,21.130066,0.6
3.041361491,14.062897,27.67096074,24.27704366,46.62416967,22.347126,18.953209,22.950905,37.112953,149.81061,19.426147,19.426147,0.6
10.87731171,8.55513,19.14271545,53.14569092,66.73223209,13.586541,47.589516,40.634712,6.9374237,26.14,9.762856,9.762856,0.6
10.43906403,22.77478,54.31435966,53.8286438,68.57939267,14.750749,14.265033,38.97454,50.510612,76.513885,16.05944,16.05944,0.6
111.0698528,16.510025,16.6926384,15.3569603,34.73260689,19.375647,18.039968,30.450172,43.201614,-146.41228,18.652084,18.652084,0.6
11.98057556,27.236313,42.31295776,35.01591492,54.63256836,19.616653,12.319611,22.451382,57.083115,14.006744,16.234528,16.234528,0.6
15.83501434,12.273666,48.88915253,39.49897766,65.81580353,26.316826,16.926651,28.428638,54.637756,11.009415,19.657188,19.657188,0.6
22.51554871,10.258759,33.66910934,16.61425018,63.33393478,46.719685,29.664825,15.365459,62.83554,49.7762,9.597839,9.597839,0.6
3.665303548,5.2947235,27.21259816,15.15238317,43.8748792,28.722496,16.662281,35.92827,42.275948,116.13387,20.916145,20.916145,0.6
116.3632538,18.011414,21.52791214,26.62902832,52.01433849,25.385311,30.486427,1.644455,60.527,31.14463,12.826958,12.826958,0.6
9.777809143,9.443054,38.86434937,47.04815292,83.31782532,36.269672,44.453476,12.401909,28.690704,17.134666,14.224655,14.224655,0.6
3.264892578,1.1116791,30.60798645,34.33355713,74.49934769,40.16579,43.89136,22.961655,42.889023,-6.105362,10.718842,10.718842,0.6
1.225695292,10.471008,49.28575389,55.83412425,80.27387492,24.43975,30.988121,5.467369,39.296288,130.91339,13.894669,13.894669,0.6
121.1106019,29.792664,13.90627289,39.296278,59.58529711,20.289019,45.679024,36.984047,44.261078,41.0457,19.377419,19.377419,0.6
100.8559859,14.631195,24.59655762,0.90164566,40.85032558,39.94868,16.253769,19.3625,59.72672,37.40661,13.093536,13.093536,0.6
135.3558931,12.180222,-2.004188538,45.70399094,77.15477943,31.450788,79.158966,103.10604,15.075897,-3.269638,16.348389,16.348389,0.6
15.67951202,16.207916,31.52867889,42.15638351,70.64735222,28.490969,39.118675,10.995293,45.85704,9.874924,15.719513,15.719513,0.6
2.605243683,15.212723,35.99068451,27.99861526,56.41936898,28.420753,20.428684,19.110832,34.66735,126.22367,21.614632,21.614632,0.6
4.993171692,19.602112,22.45574951,12.90731049,41.23450089,28.32719,18.778751,6.8324585,34.43509,25.374786,1.5158157,1.5158157,0.6
10.95378113,20.936653,23.14229393,33.46141815,36.78977156,3.3283534,13.647478,8.626446,38.123936,6.614441,16.561867,16.561867,0.6
100.4805479,-28.074173,46.73478127,49.6412797,51.57596868,1.934689,4.8411875,0.0459311,144.3112,-117.88111,28.916557,28.916557,0.6
11.90848541,14.241165,34.41933441,29.74440002,46.42441559,16.680016,12.005081,22.355606,47.76822,62.684494,12.676712,12.676712,0.6
4.908416748,11.932968,60.93757629,74.20272827,91.38500881,17.182281,30.447433,12.260506,27.281723,14.247932,25.349365,25.349365,0.6
3.77274704,22.336258,41.63797665,41.23577881,47.48714054,6.251362,5.849164,17.877846,31.927177,31.799622,25.671288,25.671288,0.6
12.76673889,7.7031555,30.20410156,52.03531265,61.57730031,9.541987,31.3732,15.883575,18.123772,9.37323,10.612648,10.612648,0.6
137.8545809,8.308792,42.91008949,42.70253754,68.25799847,25.555462,25.347908,17.28804,26.488388,-125.66644,23.882584,23.882584,0.6
8.938182831,30.933182,36.26646423,35.17741394,50.90185261,15.724439,14.635388,19.45884,24.65789,2.392067,32.20726,32.20726,0.6
10.05226135,4.0969696,43.01518631,40.20425606,55.67458224,15.470326,12.659396,9.430435,27.238632,-2.1252594,41.115036,41.115036,0.6
15.28011322,11.229263,60.29545975,63.86687708,65.01150191,1.1446248,4.716042,-0.055743933,117.20101,19.585983,28.118164,28.118164,0.6
47.90378666,12.030487,20.02554703,24.304268,24.77727842,0.47301042,4.7517314,-0.2510879,126.43442,-102.378975,20.531952,20.531952,0.6
5.157325745,21.390396,34.86154747,31.71928787,49.86524868,18.145962,15.003701,13.237015,35.598045,5.644844,20.36515,20.36515,0.6
4.839187622,11.99762,37.8503418,31.9196167,56.62987661,24.71026,18.779535,17.352371,32.94493,27.94638,19.211426,19.211426,0.6
17.7301712,25.904938,38.48190689,53.18313026,75.78525639,22.602127,37.30335,24.674683,30.326042,44.32437,17.191032,17.191032,0.6
5.848045349,11.667313,37.51685715,44.51571465,63.40282154,18.887108,25.885963,16.30204,32.535683,22.320602,14.728989,14.728989,0.6
145.3740931,9.425278,10.98792267,20.26433563,59.2776165,39.013283,48.289696,-8.175659,35.604027,40.153343,27.42997,27.42997,0.6
17.62814331,22.863419,49.95436478,56.95424652,86.53789711,29.58365,36.583534,24.513336,47.556267,53.022873,20.021072,20.021072,0.6
13.97399394,9.139145,42.90806071,63.47014109,73.85081546,10.380674,30.942755,34.2498,36.229492,121.93744,11.79364,11.79364,0.6
4.738937378,12.471619,28.61491394,40.12311554,72.39245224,32.269337,43.77754,38.703674,32.331215,53.58452,23.51503,23.51503,0.6
9.063781738,9.390701,33.52462769,40.56687546,60.83851242,20.271637,27.313885,30.04541,35.650322,134.0628,11.416931,11.416931,0.6
4.262462616,27.43155,38.34063911,36.81998062,55.86088276,19.040901,17.520245,27.019714,37.267113,14.206703,19.124626,19.124626,0.6
16.50468445,17.90747,26.35689545,41.09127808,50.57915497,9.487877,24.22226,20.496765,16.872086,25.548645,14.303703,14.303703,0.6
9.709854126,9.414597,45.21854401,37.56628799,77.3878994,39.82161,32.169357,13.132706,32.778908,27.143967,11.805016,11.805016,0.6
4.082843781,23.6893,20.66135406,17.86341858,38.57778454,20.714367,17.916431,18.584518,31.644287,20.636307,26.000687,26.000687,0.6
26.10298538,24.774757,28.01934242,26.44050598,56.30780983,29.867304,28.288467,29.57381,66.6617,44.505447,17.045296,17.045296,0.6
12.0022583,17.493683,43.08068085,34.97294617,69.53805065,34.565105,26.45737,21.144966,61.01524,23.177536,22.99192,22.99192,0.6
7.930000305,27.347977,54.72413635,34.48777771,67.13014603,32.64237,12.40601,24.262947,33.978516,19.435982,20.739471,20.739471,0.6
26.61837769,-9.150681,42.97305679,35.62135696,62.53067207,26.909315,19.557615,14.530228,24.198853,34.475113,39.384132,39.384132,0.6
8.694625854,16.593857,31.78224182,52.05001068,89.82491398,37.774902,58.04267,12.74234,17.55497,9.032669,21.603363,21.603363,0.6
14.25127411,5.7355194,36.76871109,37.13446426,73.52389336,36.389427,36.75518,-3.408432,43.671265,17.234451,2.0434265,2.0434265,0.6
13.34077454,20.943375,61.77925301,62.86771011,78.16216874,15.294458,16.382915,12.097534,36.424503,104.557594,29.49379,29.49379,0.6
8.380905151,11.10408,45.52317047,34.83223724,49.70536423,14.873127,4.1821938,18.071785,22.89392,18.079147,11.494675,11.494675,0.6
19.46768188,32.59282,37.99608231,60.8979187,78.18495059,17.287031,40.18887,11.282082,27.873474,12.370773,15.329666,15.329666,0.6
11.43199921,13.047623,45.1088562,42.82266617,74.03807449,31.215408,28.929218,15.522598,31.718925,7.1196823,15.805389,15.805389,0.6
13.34856415,21.319565,37.18381119,38.97505188,56.04576111,17.07071,18.86195,14.293442,50.795074,36.35601,8.357689,8.357689,0.6
25.05505371,0.7631836,46.98176956,35.3106575,63.22590351,27.915245,16.244133,12.669708,29.037292,33.221992,2.4530487,2.4530487,0.6
23.82817078,44.60257,42.19011688,58.206707,99.92680168,41.720093,57.736687,14.177956,28.793793,17.355148,8.136734,8.136734,0.6
1.764755249,12.926132,29.9199791,44.01590347,73.99149895,29.975595,44.071518,34.13005,54.336067,170.80238,23.202896,23.202896,0.6
155.7032158,19.661285,-26.11321068,25.86956406,-22.28164864,-48.151215,3.831562,-16.894728,94.7962,-105.91735,4.622978,4.622978,0.6
7.014272054,3.7970123,32.58926137,64.28046163,91.56912072,27.288658,58.97986,21.1059,32.492867,116.96245,16.315018,16.315018,0.6
2.915285746,11.621384,29.97909419,17.44562785,54.80811564,37.362488,24.829021,19.941727,26.93901,166.6158,19.580338,19.580338,0.6
12.83865865,-5.776184,55.28922908,53.4683768,69.02316181,15.554785,13.7339325,29.399815,46.682266,152.67152,14.511887,14.511887,0.6
4.763376872,5.1042633,50.23166911,40.18782679,64.44764368,24.259817,14.215975,42.14859,52.205444,132.83192,5.5071793,5.5071793,0.6
2.067822774,7.2223816,16.84720484,34.08906809,50.12737528,16.038307,33.28017,43.6595,23.485817,142.34717,6.3504333,6.3504333,0.6
4.695960999,8.96991,21.49327087,32.50544739,49.53482437,17.029377,28.041553,42.826973,18.142334,138.10086,12.585144,12.585144,0.6
8.265480042,8.266037,33.11824799,50.86724472,77.86075401,26.99351,44.742508,26.929344,24.75367,137.73013,11.814949,11.814949,0.6
5.623982747,12.908157,14.10473887,38.45064799,68.45415465,30.003506,54.349415,-2.0587769,4.47435,145.76051,18.535042,18.535042,0.6
5.420722961,13.945999,14.06352997,28.45297241,41.33035278,12.87738,27.266823,66.73454,30.339935,170.05899,8.639435,8.639435,0.6
5.489311218,3.9698792,17.58528137,29.95759583,37.01682281,7.059227,19.431541,53.112682,22.745903,130.59842,6.1737823,6.1737823,0.6
16.76707458,23.52214,19.68379974,32.76074982,51.8451767,19.084427,32.161377,30.337646,36.965622,26.535248,25.545395,25.545395,0.6
13.04436111,9.000427,41.43124771,46.83432102,56.51269007,9.6783695,15.081442,40.670567,51.344177,141.9783,12.36747,12.36747,0.6
14.0456721,3.5299072,24.75674184,41.58633931,67.77517351,26.188835,43.018433,60.914833,19.918015,157.53276,-1.5850983,1.5850983,0.6
108.4482763,16.966202,1.776241302,3.343856812,29.47116089,26.127304,27.69492,35.976494,20.52092,61.103333,19.509941,19.509941,0.6
7.509628296,1.8363647,26.11956024,27.42925262,46.30194664,18.872694,20.182386,36.846764,30.535515,133.79073,7.2671204,7.2671204,0.6
6.207150777,13.191437,16.41051737,40.93018595,43.13124339,2.2010574,26.720726,36.217148,20.675621,125.532585,7.5930176,7.5930176,0.6
21.02854538,11.02623,23.44955826,49.52522469,59.97334123,10.448116,36.523785,20.730309,10.10685,34.26069,27.170654,27.170654,0.6
18.87895584,10.838104,27.63611984,39.95550179,41.70371556,1.7482138,14.0675955,0.9846425,98.24981,27.586594,2.9483948,2.9483948,0.6
4.003479004,18.273315,23.32313156,54.67978668,72.17731476,17.497528,48.854183,22.728096,9.196228,17.306396,5.598526,5.598526,0.6
4.820716858,25.539703,24.9830246,64.31467056,58.06216049,-6.25251,33.079136,89.321556,8.705902,149.83533,22.203552,22.203552,0.6
3.330843608,11.866562,14.93569819,35.48902003,40.25301234,4.7639923,25.317314,25.592789,17.348053,124.08534,8.548515,8.548515,0.6
114.3615495,10.407928,-18.56299082,11.48251088,29.25005658,17.767546,47.81305,60.348778,12.990173,170.46979,21.772156,21.772156,0.6
5.261708577,9.258041,28.14792379,65.15139135,86.52524694,21.373856,58.377323,43.01519,60.021187,140.58876,10.831314,10.831314,0.6
0.607714335,2.3139343,55.04453023,62.1297582,94.33596929,32.20621,39.29144,17.099495,44.11413,110.99493,-3.2878418,3.2878418,0.6
4.743377686,15.429398,47.34413147,53.73365402,105.4065347,51.672882,58.062405,10.722343,30.922234,4.308365,22.863144,22.863144,0.6
2.747550964,8.690903,47.6003418,38.94153214,63.11133957,24.169807,15.510998,19.608498,39.552628,39.476494,15.362961,15.362961,0.6
7.861312866,17.049622,30.57241058,41.49592972,68.37725687,26.881327,37.804848,6.4928665,36.522614,129.81839,-4.803261,4.803261,0.6
16.85382843,8.529999,36.74472046,67.95629311,91.08921862,23.132925,54.344498,6.9530334,6.8376923,19.984795,4.590149,4.590149,0.6
92.07375336,7.4917297,-2.401836395,13.82972336,20.21197891,6.3822556,22.613815,37.050148,-0.06506348,21.198479,7.8725433,7.8725433,0.6
9.46312205,7.7111206,31.27273432,39.51130549,66.94481341,27.433508,35.67208,11.352776,48.4162,163.40611,9.567963,9.567963,0.6
3.704849243,21.627289,24.43582153,35.4679184,87.74108505,52.273167,63.305264,15.239365,44.290817,50.717827,11.211548,11.211548,0.6
2.374615987,12.420532,48.87154897,17.81306585,36.89171727,19.078651,-11.979832,23.938213,34.849693,132.5908,15.549454,15.549454,0.6
3.857055664,0.6062317,28.87247467,70.7827034,45.12306213,-25.659641,16.250587,-64.179245,136.12558,30.241867,36.92704,36.92704,0.6
4.2509257,13.211395,27.24361674,45.56690089,66.3984553,20.831554,39.15484,15.700752,23.775635,140.77629,19.627922,19.627922,0.6
20.78150177,6.7333984,38.84706879,50.3220787,66.24627209,15.924193,27.399204,12.280052,32.18476,143.74542,17.476784,17.476784,0.6
8.255729675,8.706268,33.79621506,33.67748642,55.66900826,21.991522,21.872793,18.496323,33.272263,153.95978,17.842964,17.842964,0.6
27.6129303,-3.223343,31.15457153,33.35801697,74.94700813,41.58899,43.792435,18.685913,47.045975,18.510368,10.364113,10.364113,0.6
2.342142741,4.5216064,22.76901372,32.13405355,57.94079336,25.80674,35.17178,13.169334,44.45012,161.2032,15.895691,15.895691,0.6
8.83820343,5.8995514,46.83926773,41.68544769,64.76445007,23.079002,17.925182,21.530876,36.146088,35.952362,17.069244,17.069244,0.6
4.709133148,15.23082,37.50440216,38.78259468,49.99699402,11.214399,12.492592,11.557121,49.0198,148.14761,19.172882,19.172882,0.6
5.022163391,10.518646,44.86914825,52.02159882,81.85120106,29.829601,36.98205,15.094994,25.61042,111.5147,9.654907,9.654907,0.6
2.726554871,5.5237427,40.90791321,37.76730347,60.41534615,22.648043,19.507433,30.26812,35.155876,126.2867,12.793266,12.793266,0.6
2.207122803,11.407913,40.30952072,30.7026329,40.1922493,9.489616,-0.11727142,33.975334,60.98831,23.522308,16.560402,16.560402,0.6
3.261131287,-7.410095,37.41417694,42.11327362,91.49137497,49.3781,54.077198,11.5614395,46.846634,130.08487,3.8186035,3.8186035,0.6
1.257214864,5.7319794,20.52921931,32.81339518,50.46610514,17.65271,29.936886,12.606918,35.535492,133.5665,15.861427,15.861427,0.6
10.71718597,17.560043,34.69019699,20.98356628,49.35247612,28.36891,14.662279,31.524834,33.754158,24.739746,20.583527,20.583527,0.6
4.846748352,-2.9921417,36.55068207,47.15472412,61.59642029,14.441696,25.045738,15.224594,53.48501,136.13873,11.396851,11.396851,0.6
2.372520447,1.5306702,19.27127075,29.72731781,69.89814377,40.170826,50.626873,11.397453,92.93298,33.126152,7.975998,7.975998,0.6
14.24551392,13.405701,66.72187233,48.39558411,80.6697607,32.274178,13.947888,29.205833,42.45553,39.665993,36.495056,36.495056,0.6
4.836405436,6.6234283,37.60258357,54.32759539,78.70797888,24.380383,41.105396,22.79871,45.991596,110.52875,12.883255,12.883255,0.6
5.633969625,21.427902,47.0144755,37.30848185,59.06173579,21.753254,12.04726,35.393845,34.544205,137.70164,9.020821,9.020821,0.6
34.79352188,-14.278717,23.84267044,29.83840942,63.54571819,33.70731,39.70305,11.535286,32.122498,20.156075,16.335747,16.335747,0.6
4.154492696,13.41806,36.67189916,33.94106038,60.19141897,26.250359,23.51952,13.826523,31.580627,104.20472,20.056984,20.056984,0.6
2.717391968,13.313431,34.85583878,36.38632584,56.08507156,19.698746,21.229233,14.575737,24.226768,36.134087,11.089256,11.089256,0.6
10.85923258,11.729004,43.82817586,27.13530095,75.70949682,48.574196,31.88132,27.616692,45.34707,119.21833,19.721817,19.721817,0.6
3.709449768,20.110992,40.71522903,37.09848022,56.34653091,19.24805,15.631302,39.53697,29.519753,24.89209,18.44661,18.44661,0.6
6.947769165,6.106613,36.4780097,39.10843039,39.15754473,0.049114347,2.679535,-29.317656,1.9046316,34.011246,18.060204,18.060204,0.6
67.10864456,3.720993,30.57206217,34.85065142,35.3867288,0.5360774,4.8146667,-0.38360012,145.17197,145.36105,23.207558,23.207558,0.6
12.3763682,-6.211258,30.48293344,33.367685,33.37572191,0.008036912,2.8927884,0.42891955,134.41223,135.25922,9.472939,9.472939,0.6
9.02204895,19.912811,32.39010549,34.90167224,35.11808968,0.21641743,2.7279842,0.04676366,132.81439,143.34373,40.8668,40.8668,0.6
1.126753489,7.279434,28.6720411,30.64253883,30.66018478,0.017645955,1.9881437,-1.0375738,3.6769228,126.41842,9.66172,9.66172,0.6
6.403105418,4.5428467,32.42269985,33.84235326,34.13163547,0.2892822,1.7089356,-0.82069945,3.447114,134.1897,8.859261,8.859261,0.6
4.602612813,4.896454,48.25124232,54.93155352,60.26006333,5.32851,12.0088215,19.824593,88.75192,159.48314,16.176247,16.176247,0.6
6.594136556,-0.17356873,29.50213369,28.26364644,70.02490743,41.76126,40.522774,30.460892,36.05664,109.19567,3.1846924,3.1846924,0.6
2.803682963,25.931992,41.79231771,45.62766965,64.48872526,18.861055,22.696407,30.725727,33.433193,99.38316,26.749413,26.749413,0.6
14.9682045,24.502045,35.50419998,43.19377708,64.03057241,20.836796,28.526373,32.635235,63.380863,116.937355,29.737106,29.737106,0.6
2.040763855,6.676468,57.13261795,32.55039215,61.18349457,28.633102,4.0508766,22.205883,52.738297,131.69063,17.3488,17.3488,0.6
9.270370483,1.7627869,31.32041931,31.85301971,68.42033195,36.567314,37.099915,17.024677,39.35431,123.18702,10.477272,10.477272,0.6
26.8735199,5.206482,31.96656799,51.10417557,88.18204212,37.077866,56.215473,42.13619,45.318153,134.38371,15.634598,15.634598,0.6
3.953013102,10.759506,18.97536723,35.2906367,63.63734214,28.346706,44.661976,28.981045,26.53508,101.315544,22.99073,22.99073,0.6
7.258764903,18.3741,30.92154058,36.63558515,53.55873855,16.923153,22.637197,14.593018,40.820564,88.781624,17.612114,17.612114,0.6
1.499621073,12.7265625,24.24826558,32.0626777,44.73330458,12.670627,20.485039,7.1690674,30.881546,94.87924,15.525902,15.525902,0.6
35.58091672,2.667572,22.51290576,34.65034262,38.03220431,3.3818617,15.519299,-4.464016,71.929634,101.03207,14.288475,14.288475,0.6
3.792767843,12.507484,29.29335531,37.28567727,40.01170691,2.7260296,10.718351,18.406189,35.836746,126.973785,15.962898,15.962898,0.6
2.403826396,18.560272,36.62534587,50.24033133,58.52023546,8.279904,21.89489,25.804169,44.754543,99.43616,29.837227,29.837227,0.6
6.027549744,10.79715,37.78884888,28.9852066,60.34354019,31.358334,22.554691,10.551102,59.544342,13.994682,0.37435913,0.37435913,0.6
3.545458476,5.5447235,20.18108877,23.97881063,44.23925527,20.260445,24.058167,13.407791,22.309692,137.98633,8.915199,8.915199,0.6
112.6680263,10.5221405,-8.617474874,-10.6761144,13.52559916,24.201714,22.143074,5.987236,18.190178,115.12358,15.274063,15.274063,0.6
13.16240946,12.143448,13.90287272,30.63054911,44.49851863,13.8679695,30.595646,-7.7247276,17.972794,66.331085,6.4451294,6.4451294,0.6
6.402832031,3.4753265,12.30388641,16.42963409,27.16455841,10.734924,14.860672,9.024445,12.614639,128.87244,6.232773,6.232773,0.6
143.647584,5.7568817,-52.70562998,35.14852198,-21.33409373,-56.482616,31.371536,-114.00603,115.00115,106.128044,16.372498,16.372498,0.6
5.306442261,16.697014,39.88212872,32.69486237,51.07847977,18.383617,11.196351,24.718285,31.557594,37.949486,13.959137,13.959137,0.7
57.90428162,26.74205,26.63084555,28.03373671,30.39801759,2.364281,3.767172,45.644875,-43.500122,-115.760864,23.585503,23.585503,0.7
23.02194595,14.738449,40.55439568,16.70697403,33.21154404,16.50457,-7.3428516,13.128319,26.753933,31.883263,7.8667984,7.8667984,0.7
34.36217117,20.347626,64.25085831,68.79310584,70.75988483,1.966779,6.5090265,-0.38085365,136.00014,9.165329,39.370956,39.370956,0.7
11.61965942,32.304337,29.37052917,46.4346981,59.64743233,13.212734,30.276903,47.00355,49.551834,20.281082,28.114258,28.114258,0.7
10.48596954,13.245361,35.60099983,45.84668922,58.76137114,12.914682,23.160372,28.786125,42.696014,40.84784,18.768814,18.768814,0.7
138.1043851,8.108765,-6.919151306,22.18808746,41.4458046,19.257717,48.364956,61.95249,34.177338,45.254868,21.516174,21.516174,0.7
15.7516098,21.230606,36.76629639,68.06440735,77.16114187,9.096735,40.394844,69.24597,14.149231,31.482048,32.489784,32.489784,0.7
25.74221039,33.348694,42.11880112,54.40209627,56.20599437,1.8038981,14.0871935,0.47581577,108.008484,6.1666183,28.82734,28.82734,0.7
7.604007721,13.810837,26.51963043,30.61322784,41.49741316,10.884186,14.977783,32.033585,15.894806,21.861305,17.357216,17.357216,0.7
5.931955973,17.198288,51.3693517,52.19416364,71.94763311,19.75347,20.578281,6.6704407,47.65619,116.22298,2.6953735,2.6953735,0.7
83.40838273,-5.4675446,31.75555484,29.31847636,42.56862871,13.250153,10.813074,14.12151,40.681313,1.5488971,2.3047104,2.3047104,0.7
4.411323547,-2.8909912,47.47283936,48.16147232,74.98180962,26.820337,27.50897,8.6489105,34.19561,27.692825,10.664108,10.664108,0.7
8.423801422,10.441055,30.98439121,33.39003682,36.01400661,2.6239698,5.0296154,52.28061,60.457714,33.59336,19.900558,19.900558,0.7
7.321151733,10.126022,34.46913147,58.8993988,112.7669992,53.8676,78.29787,27.665482,22.713821,30.862251,30.417648,30.417648,0.7
1.393801371,12.468109,36.63455836,58.74788539,85.85697714,27.109093,49.22242,23.287079,24.409386,131.16759,24.04213,24.04213,0.7
33.72920227,17.619812,62.39819527,81.091012,87.43000424,6.338992,25.031809,102.88294,28.677124,33.811325,25.09108,25.09108,0.7
25.7694397,7.988449,45.56339264,70.06189728,93.76328611,23.70139,48.199894,30.807838,47.73578,32.233383,28.551704,28.551704,0.7
19.02956772,3.6649628,33.37285995,49.8863945,63.06424809,13.177854,29.691387,29.03395,32.598213,26.477188,22.629196,22.629196,0.7
13.04080963,16.360718,28.884552,32.99598312,66.65246964,33.656487,37.767918,24.568771,32.485657,28.49614,17.598999,17.598999,0.7
2.852806091,17.58545,28.92184448,41.96039581,86.71574211,44.75535,57.7939,21.07763,24.152939,10.047394,21.669235,21.669235,0.7
26.70942688,-10.127518,26.23758698,34.41897583,61.32486153,26.905886,35.087273,31.761467,34.13822,129.58867,2.6455078,2.6455078,0.7
88.20768929,16.257156,1.85295105,20.45288849,45.57256126,25.119673,43.719612,25.355892,26.375496,82.36533,17.800041,17.800041,0.7
7.566558838,15.190674,24.3387146,29.5446167,72.35519028,42.810574,48.016476,12.378387,32.679558,32.347633,16.39148,16.39148,0.7
11.26358795,13.716782,30.10979462,28.34624863,45.14362907,16.79738,15.033834,24.020523,29.267944,29.345528,21.234833,21.234833,0.7
109.3624449,12.95517,8.382087708,6.908615112,40.55069351,33.64208,32.168606,35.65513,41.351753,46.700974,17.566566,17.566566,0.7
7.047431946,14.628677,24.32574844,39.85152817,76.25254679,36.40102,51.9268,17.914024,38.83593,40.11564,10.962013,10.962013,0.7
7.681335449,9.684631,42.03791809,44.66139984,58.86929703,14.207897,16.831379,27.735287,55.759583,11.441978,19.682465,19.682465,0.7
2.887794495,23.726746,27.28014374,24.90037537,53.47589684,28.575521,26.195753,8.755135,31.067345,24.549332,10.458679,10.458679,0.7
10.1627655,12.860596,46.10864258,46.22335815,82.16750813,35.94415,36.058865,25.334564,57.393555,20.937271,23.029999,23.029999,0.7
4.240859985,18.013596,30.04135513,24.80234909,63.72919464,38.926846,33.68784,15.143993,85.70407,38.81407,11.861496,11.861496,0.7
3.916824341,18.482727,32.60819244,28.86452484,34.80120468,5.93668,2.1930122,24.851814,43.16591,24.660362,17.255089,17.255089,0.7
1.623324076,10.08046,35.41870372,47.16468302,77.2048289,30.040146,41.786125,1.2246017,27.904503,108.93762,10.395645,10.395645,0.7
4.721611023,9.594757,53.37258911,41.71007156,68.71194077,27.00187,15.339352,22.810005,44.808945,18.386467,10.03804,10.03804,0.7
144.5105939,15.558319,29.48628998,19.97254562,33.93903732,13.966492,4.4527473,20.182852,55.412,26.137367,11.790634,11.790634,0.7
90.28969065,11.402649,0.893304189,18.16501745,41.9988602,23.833843,41.105556,16.492783,32.78485,113.89302,15.197807,15.197807,0.7
16.13074493,20.713959,25.92736053,19.52897263,31.90125656,12.372284,5.973896,17.218655,47.01008,16.097404,8.139412,8.139412,0.7
125.2851982,25.009308,28.37473297,12.21871567,32.9305687,20.711853,4.5558357,16.7831,38.94236,-127.33191,19.08989,19.08989,0.7
6.539833069,25.28186,21.92898941,22.28408051,57.76190281,35.47782,35.832912,9.878426,29.403282,18.958046,17.640099,17.640099,0.7
165.5149765,11.051193,-0.328819275,-5.898170471,34.67860413,40.576775,35.007423,21.892372,24.732925,11.237473,13.9565735,13.9565735,0.7
10.62392426,13.226044,50.1346817,57.92971802,95.10859489,37.17888,44.973915,27.725609,53.76188,-8.531174,11.550133,11.550133,0.7
152.9737489,15.986053,17.69517136,42.91417694,70.72210026,27.807922,53.026928,15.150391,45.625473,40.394478,18.132736,18.132736,0.7
26.78801727,10.190308,72.22273731,50.2529335,79.22621727,28.973284,7.00348,14.471748,51.626724,-3.4508057,8.102837,8.102837,0.7
9.467208862,9.316025,65.32525635,62.23327255,75.03713989,12.803867,9.711884,27.79739,39.533928,15.895088,15.880081,15.880081,0.7
10.00541687,13.336334,30.32243347,39.56415558,56.30812836,16.743973,25.985695,15.833115,21.270767,14.428894,14.08699,14.08699,0.7
7.910545349,31.572464,50.03335571,59.69934082,80.47751236,20.778172,30.444157,6.3957443,20.726936,11.296188,12.2300415,12.2300415,0.7
3.63066864,32.284714,23.48700714,32.33411407,66.25014305,33.91603,42.763138,5.5409775,29.240273,15.056732,16.086601,16.086601,0.7
9.318962097,24.011948,39.35258102,52.41400528,73.64386654,21.229862,34.291286,12.3731,35.228477,23.381104,17.636597,17.636597,0.7
14.63052368,9.525024,41.85717773,58.1697998,95.75617599,37.586376,53.899,24.384968,37.252937,10.690575,16.745804,16.745804,0.7
46.62582397,13.449417,14.77994537,26.95209503,55.86458969,28.912495,41.084644,2.1521873,45.494576,40.991394,13.445114,13.445114,0.7
13.21297455,7.1617126,42.59487534,43.18083572,64.5175705,21.336735,21.922695,22.227436,42.185547,9.356224,7.4495697,7.4495697,0.7
2.014198303,25.065704,39.04779053,44.15257645,90.22848129,46.075905,51.18069,21.862236,54.680077,19.180527,20.215553,20.215553,0.7
67.55262375,16.167442,7.236530304,21.29068184,38.69941139,17.40873,31.462881,21.522835,21.420189,20.12738,9.36924,9.36924,0.7
11.53773499,30.89412,40.11172867,43.59582138,64.8124361,21.216614,24.700706,25.34254,48.177197,17.692368,25.276718,25.276718,0.7
27.14678955,12.588699,19.57144165,71.15001297,51.94124603,-19.208767,32.369804,-41.175217,-6.2662354,26.288597,8.5987625,8.5987625,0.7
1.212524414,-3.4260254,22.52550888,35.49562073,63.55943489,28.063814,41.033928,2.4029922,32.55851,21.2669,8.578239,8.578239,0.7
18.32907867,0.8790283,41.09205246,62.92698669,76.00083923,13.073853,34.908787,11.563248,26.580078,20.732079,2.6919098,2.6919098,0.7
16.70584106,-8.212494,48.03242493,42.48107529,85.4066515,42.925575,37.374226,16.009552,39.914894,14.848999,7.4276047,7.4276047,0.7
10.94274902,4.3760376,38.70960236,27.88236237,63.00120926,35.118847,24.291607,39.448875,59.656403,83.057594,18.365204,18.365204,0.7
9.338500977,9.952362,32.12602615,37.52568817,86.77212238,49.246433,54.646095,10.762756,50.298843,24.35028,-18.09436,18.09436,0.7
8.354110718,7.8362274,22.93237305,17.52158356,61.84536362,44.32378,38.91299,0.6072693,43.273254,17.38224,6.5648193,6.5648193,0.7
7.960762024,11.104782,43.59915924,40.05999756,73.94921684,33.88922,30.350058,10.996155,39.436523,36.733665,13.37561,13.37561,0.7
6.890579224,12.032761,62.71034813,45.52476501,76.15722179,30.632458,13.446874,16.514702,40.831482,27.737244,13.462349,13.462349,0.7
14.28227997,14.578217,25.11768341,24.88581848,53.5812664,28.695448,28.463583,8.963249,39.749855,1.0316315,19.239548,19.239548,0.7
5.611343384,11.6033325,37.82731628,58.76916122,89.33568096,30.56652,51.508366,23.527817,36.071587,25.588562,20.761719,20.761719,0.7
3.309814453,32.67195,47.10825729,57.79810143,75.12780285,17.3297,28.019547,24.967316,44.36049,41.325386,24.716934,24.716934,0.7
7.197563171,16.96167,35.46261978,33.65556335,61.20654106,27.550978,25.743921,22.592445,46.00965,33.06714,23.393341,23.393341,0.7
13.52406311,3.1630707,35.4103508,36.30433655,81.71942329,45.415085,46.309074,30.32888,63.68489,6.5694885,119.18498,119.18498,0.7
137.3704987,8.422455,22.50060272,27.09819031,67.05392456,39.955734,44.55332,-0.34239197,51.536026,15.3731,16.658554,16.658554,0.7
6.008979797,8.473236,62.02715826,56.78674698,66.60753393,9.820787,4.5803757,20.883846,44.448135,22.451927,26.250435,26.250435,0.7
4.124801636,9.0457,46.61201668,33.03903961,35.98477936,2.9457397,-10.627237,12.25695,31.4692,13.434937,23.63327,23.63327,0.7
97.2177403,13.405411,13.56404114,20.62924957,46.17836905,25.54912,32.614326,17.62735,39.214966,7.543045,17.345154,17.345154,0.7
138.2471457,20.373657,37.34930038,56.44311905,70.27189064,13.828772,32.922592,17.665909,54.452133,-93.72277,27.339111,27.339111,0.7
6.712425232,20.82489,50.92687798,50.04362106,68.77092409,18.727303,17.844046,10.205666,38.414627,17.136345,21.067177,21.067177,0.7
1.617736816,10.562988,46.27283096,46.35304642,64.01854897,17.665503,17.745718,16.634766,30.163048,10.327415,20.847687,20.847687,0.7
12.89421082,9.919067,36.59487915,31.49599075,67.34948444,35.853493,30.754604,21.96099,37.535217,44.643944,18.981216,18.981216,0.7
11.80572891,1.4642487,39.420578,40.59660816,49.8265245,9.229917,10.405947,21.710663,25.16642,23.701996,25.817665,25.817665,0.7
5.96471405,11.358887,49.67643547,24.75946808,58.23510265,33.475636,8.558667,26.31527,70.451294,40.88974,29.841385,29.841385,0.7
12.1488266,6.239029,47.28211594,46.76226044,76.89865398,30.136395,29.616539,14.538094,42.969994,16.865814,18.439209,18.439209,0.7
102.7391663,11.5243225,29.74414825,13.39341736,38.94753456,25.554117,9.203386,-2.270443,56.422203,18.521255,29.824577,29.824577,0.7
5.116920471,25.27687,47.46717072,38.76425171,60.52228737,21.758036,13.055117,23.436825,39.591095,6.794815,12.560074,12.560074,0.7
134.459559,13.222733,3.594917297,9.068458557,26.80107498,17.732616,23.206158,16.347282,33.969467,32.8638,17.887177,17.887177,0.7
9.132751465,7.2802124,58.1737175,82.40019989,100.2468204,17.84662,42.073105,20.84628,34.977684,2.7964325,23.356125,23.356125,0.7
3.946390788,10.94902,25.3595225,46.75088374,83.22916381,36.47828,57.86964,8.348167,18.551285,140.7018,23.965988,23.965988,0.7
6.360427856,6.2903748,27.85816956,28.83298492,59.71775818,30.884773,31.859589,26.197159,46.572243,20.396523,8.025261,8.025261,0.7
9.080734253,21.340027,29.41007996,35.01700592,60.63144302,25.614437,31.221363,10.440407,35.284798,24.898468,24.17408,24.17408,0.7
10.24260712,1.4165039,80.57700348,70.10201263,85.45764351,15.355631,4.88064,45.567764,59.35463,10.944511,3.7963257,3.7963257,0.7
8.99344635,-1.9012299,41.35222244,47.91175842,61.65755081,13.745792,20.305328,-19.173111,38.303383,12.034409,-1.1755981,1.1755981,0.7
8.158927917,23.79631,50.74077606,53.62832642,76.11856651,22.49024,25.37779,38.530354,47.49801,37.512383,20.076607,20.076607,0.7
23.7020874,12.261322,48.95127487,37.82143784,50.66975403,12.848316,1.7184792,25.030476,57.412376,17.860786,6.4270706,6.4270706,0.7
3.150634766,9.026779,37.73220825,44.16200256,86.91234398,42.750343,49.180138,13.609123,27.127861,-0.5290375,12.367111,12.367111,0.7
11.62772115,16.702408,39.6479365,34.04223124,62.8793246,28.837093,23.231388,3.9778366,21.967995,117.05155,15.980637,15.980637,0.7
7.867240906,16.336014,54.23877907,44.97556686,77.17717552,32.201607,22.938396,13.429268,35.336243,14.668396,24.368477,24.368477,0.7
3.504936218,20.80664,56.93618393,66.17891693,98.04654694,31.86763,41.110363,23.891582,53.62159,28.923416,20.8087,20.8087,0.7
2.919631958,17.290771,41.00577545,39.66898346,54.453022,14.784039,13.447247,7.897743,29.135239,15.896576,13.1152115,13.1152115,0.7
8.595146179,9.816788,53.12709999,40.93529892,67.42206001,26.486761,14.29496,15.392563,37.89852,32.425148,25.186615,25.186615,0.7
10.66308848,7.010849,25.22594325,39.2400233,58.27893321,19.03891,33.05299,22.92952,29.197235,136.79636,21.728722,21.728722,0.7
20.56236267,25.506546,51.54367828,35.19823074,77.24709606,42.048866,25.703419,19.384521,37.838432,26.28666,23.393585,23.393585,0.7
23.58112335,9.062424,39.04334641,35.88466644,89.84404945,53.95938,50.800705,1.080162,44.540016,13.386734,10.342117,10.342117,0.7
14.3564682,-1.3150177,33.39021683,35.8227272,52.8033638,16.980637,19.413147,15.182663,70.53514,-22.47844,16.077133,16.077133,0.7
6.616729736,6.480652,45.88415527,36.91632843,62.46627426,25.549946,16.582119,13.713264,31.084518,16.50978,17.578285,17.578285,0.7
32.90377045,24.094742,68.022542,46.18962097,77.22613573,31.036514,9.203594,16.09623,54.908302,14.723549,17.406708,17.406708,0.7
14.57839966,7.416565,58.38063431,42.4240036,90.40037346,47.97637,32.019737,4.974115,70.03046,29.845009,20.657875,20.657875,0.7
8.86415863,16.727081,30.23230743,19.98126984,37.75450897,17.77324,7.5222015,7.1414566,21.245728,24.307632,14.762665,14.762665,0.7
11.27040863,19.66658,72.18720055,87.23986626,57.77847672,-29.46139,-14.408724,-43.163353,90.26019,0.9490814,12.0635605,12.0635605,0.7
2.961179097,12.378815,45.97948964,47.86185964,74.60153278,26.739674,28.622044,20.208885,46.05152,165.68814,17.491852,17.491852,0.7
38.8084259,14.880905,44.42794037,51.34298325,83.61183167,32.26885,39.18389,19.547516,66.26669,36.57795,13.549179,13.549179,0.7
5.705307007,15.848877,40.17897797,39.78249359,74.47111511,34.68862,34.292137,9.364418,28.744942,126.80095,12.56543,12.56543,0.7
10.38864899,13.358658,33.5391922,37.24150848,72.20652008,34.96501,38.667328,4.1384506,44.56215,18.335495,14.8413315,14.8413315,0.7
7.784296672,6.235199,49.01601283,51.55419604,64.20224229,12.6480465,15.18623,13.569725,40.268948,113.767075,15.077744,15.077744,0.7
0.226119995,14.6380005,32.85577106,22.48858452,40.11634493,17.62776,7.260574,15.453827,32.91398,133.49745,5.459198,5.459198,0.7
15.94439189,12.349075,35.75751368,27.58734385,45.47311656,17.885773,9.715603,36.00132,45.42256,134.76387,8.959885,8.959885,0.7
1.843093872,0.6343384,29.21614838,29.30884933,50.75325775,21.444408,21.53711,35.149635,32.182663,134.98438,4.8560944,4.8560944,0.7
3.021517436,-9.342392,42.01339086,32.16023,61.23913701,29.078907,19.225746,20.543304,42.610504,139.17296,21.077774,21.077774,0.7
9.279421488,5.568039,50.34004513,54.32915608,54.13451115,-0.19464493,3.794466,-61.57525,137.5543,137.51086,1.8366776,1.8366776,0.7
3.758750916,6.228943,33.76977539,45.18780899,65.24328518,20.055477,31.47351,42.83667,29.803772,153.31923,8.322868,8.322868,0.7
8.373308818,33.78505,29.54826991,44.84737269,38.74152629,-6.1058464,9.193256,49.495712,28.603638,150.75037,22.913124,22.913124,0.7
2.793627421,15.420486,29.86142985,33.51072947,54.11357466,20.602844,24.252144,57.041,31.760162,156.50308,19.0029,19.0029,0.7
5.939544678,9.597153,17.43449783,35.62957764,27.62776566,-8.001812,10.193268,47.142937,21.161362,137.54219,1.1360168,1.1360168,0.7
0.44382604,21.987297,14.70309194,27.49568303,48.65691598,21.161232,33.953823,23.791641,26.179031,131.63815,13.843262,13.843262,0.7
137.8948147,5.0822754,14.56456757,46.36401558,15.78813553,-30.57588,1.223568,72.03136,29.037384,37.084534,14.434402,14.434402,0.7
5.748527527,16.61174,29.82115936,53.84901428,75.38085938,21.531845,45.5597,59.030174,31.521103,59.798058,13.039154,13.039154,0.7
2.722953796,11.113922,18.45174408,21.19941711,45.76820374,24.568787,27.31646,47.312374,34.288383,149.30507,4.6535797,4.6535797,0.7
1.813323975,4.2561035,16.49675369,38.12849808,54.91987085,16.791372,38.42312,44.48875,6.1665573,113.68074,8.583473,8.583473,0.7
6.037391663,12.511444,18.19956589,35.42676544,47.74697495,12.3202095,29.54741,48.182213,34.621834,27.875229,17.194206,17.194206,0.7
4.361460368,0.5851593,24.8509229,42.40200551,83.21260007,40.810593,58.36168,45.393215,103.92042,156.37825,-0.34396362,0.34396362,0.7
5.652778625,26.7556,25.42332458,35.91727829,49.81409645,13.896818,24.390772,32.075485,27.334808,28.551666,12.673904,12.673904,0.7
14.02103424,24.504303,36.26135254,47.51885605,56.51955414,9.000698,20.258202,75.55381,24.425812,177.4816,18.601837,18.601837,0.7
12.03860728,10.824966,28.0273908,52.07759603,52.40960821,0.33201218,24.382217,58.630013,11.8546295,123.795555,21.06314,21.06314,0.7
10.36907959,25.72647,26.03163147,54.00218391,51.79597473,-2.2062092,25.764343,62.08292,28.656654,36.17478,31.431305,31.431305,0.7
4.799931844,14.753799,24.97736104,29.09160741,62.4361585,33.34455,37.458797,25.896168,42.027733,109.90227,12.92923,12.92923,0.7
6.517028809,14.443909,21.80566406,52.55049515,82.77560806,30.225113,60.969944,25.013054,17.060608,148.00757,27.49067,27.49067,0.7
72.64775848,16.5607,3.422973633,37.20983124,44.17848206,6.968651,40.75551,67.5989,14.790695,51.978195,30.862656,30.862656,0.7
3.6354599,17.677063,29.23090744,34.39929581,52.90420151,18.504906,23.673294,55.921806,31.92424,165.35687,25.1111,25.1111,0.7
5.135648092,8.035278,12.74730174,39.71258704,41.62112109,1.908534,28.87382,75.951935,16.458282,155.10489,10.048096,10.048096,0.7
2.634399414,7.6282196,23.06745911,39.39816284,49.4152565,10.017094,26.347797,52.731228,29.82013,139.91455,13.283463,13.283463,0.7
9.72462972,29.96447,20.09390132,33.50483767,55.26734034,21.762503,35.17344,30.524628,23.140785,112.67592,9.4142,9.4142,0.7
10.27151489,13.334412,21.76531982,40.85259628,78.21035576,37.357758,56.445038,46.053253,13.730858,34.76329,17.198479,17.198479,0.7
9.710678101,-2.8182983,33.26528549,43.16791534,49.26148987,6.0935745,15.996204,38.403076,20.755074,128.09131,11.517822,11.517822,0.7
7.599322001,5.8596497,40.46297582,53.03261312,65.15440687,12.121794,24.691431,22.008293,78.44126,164.96515,-26.293488,26.293488,0.7
18.12721252,14.592087,45.4064827,32.32423019,80.36435509,48.040123,34.95787,26.936665,76.25648,162.07904,-8.019287,8.019287,0.7
1.376922607,14.93782,32.65120316,45.07751083,64.15393639,19.076426,31.502733,9.414124,19.033546,137.03435,8.689949,8.689949,0.7
6.471458435,0.5153656,41.38262558,54.01973343,77.50640726,23.486673,36.123783,26.964401,25.215057,117.71171,10.984619,10.984619,0.7
4.483963013,4.7134705,44.79288864,39.61386871,60.81953621,21.205667,16.026648,17.781013,40.224144,35.360733,21.441277,21.441277,0.7
9.25802358,4.8619843,51.37128957,38.28732808,95.29484685,57.00752,43.923557,34.743645,36.12343,162.02153,10.437897,10.437897,0.7
3.687978109,-3.0832214,40.01230113,35.92063395,77.88512484,41.964493,37.872826,22.996254,30.479942,135.98752,10.607193,10.607193,0.7
6.826911926,18.692307,30.76445007,42.53609467,62.62817955,20.092085,31.86373,14.485222,23.923538,9.020676,19.389206,19.389206,0.7
6.446578979,12.807373,34.53285599,37.554245,77.1999073,39.64566,42.667053,22.457642,45.11917,31.149994,22.694054,22.694054,0.7
8.4296875,12.49234,28.5772934,27.88180923,70.44892597,42.567116,41.87163,28.427017,25.437706,132.80664,18.097107,18.097107,0.7
9.038894653,-2.9184113,55.30941582,41.68787384,61.36216736,19.674294,6.0527515,24.580994,49.724304,59.0355,5.374954,5.374954,0.7
2.028325399,16.624619,46.03891118,48.22145589,70.00277837,21.781322,23.963867,36.27587,46.934135,127.44987,13.945908,13.945908,0.7
7.318677266,1.7330933,50.3045756,48.26391093,79.60629336,31.342382,29.301718,4.71373,39.668488,106.67344,6.577652,6.577652,0.7
1.401542664,7.287445,23.50160217,34.40340805,61.16248322,26.759075,37.66088,8.742668,54.69596,151.3354,11.878906,11.878906,0.7
2.464121501,8.0182495,42.27464422,32.83056005,69.33146938,36.500908,27.056826,30.068062,38.813583,130.69942,23.005714,23.005714,0.7
5.908269246,1.8370514,27.99008433,42.48533122,78.9442927,36.45896,50.95421,14.926384,32.48327,112.71555,10.216675,10.216675,0.7
21.79446793,8.186279,45.08392143,37.10387421,62.73914242,25.63527,17.65522,23.33574,43.330833,51.648315,23.58606,23.58606,0.7
9.812573751,5.595215,33.3548673,30.59769948,63.08725675,32.489555,29.73239,30.58078,41.585045,170.86499,21.2753,21.2753,0.7
13.79811096,13.947388,23.30013275,73.99288273,81.91002274,7.91714,58.60989,-29.999184,11.58448,-2.6529312,13.119171,13.119171,0.7
9.904546102,13.270554,39.05678686,41.76056417,60.31801732,18.557453,21.26123,29.61435,41.137115,134.3276,11.9513855,11.9513855,0.7
13.07214355,9.04776,55.54940033,43.7947197,82.08097935,38.28626,26.531578,24.17894,34.66191,29.10643,36.17357,36.17357,0.7
17.87469482,-6.660553,30.59365082,26.9860611,78.49812222,51.512062,47.904472,21.119911,56.245796,165.0341,10.775726,10.775726,0.7
7.501678467,20.979187,39.35512924,40.36501312,72.6158905,32.250877,33.26076,23.270493,35.863358,30.867928,18.885468,18.885468,0.7
2.775347392,18.711426,59.956014,37.72520955,79.07192357,41.346714,19.11591,29.519127,36.05265,134.03139,3.9759064,3.9759064,0.7
7.745862325,7.3555756,40.13077672,39.86983999,70.00589403,30.136055,29.875118,24.28051,38.301216,132.65956,8.187202,8.187202,0.7
2.283566793,-5.1351166,26.60846456,38.53836568,73.068271,34.529907,46.45981,36.805954,45.733383,140.6933,10.191162,10.191162,0.7
6.108383179,8.467941,35.94496536,39.87614441,63.36903572,23.492891,27.42407,18.891647,33.355778,104.63638,16.192848,16.192848,0.7
3.061983744,0.7882843,34.99190648,59.61529668,81.65947469,22.044178,46.66757,14.704613,23.275955,110.4962,8.4895935,8.4895935,0.7
25.46801376,-6.281189,32.86782455,39.67780972,46.27511203,6.5973024,13.407288,9.052025,51.13244,19.451584,4.5139313,4.5139313,0.7
3.2533137,10.88356,35.27336248,35.8803304,61.31434377,25.434013,26.040981,35.38034,43.698746,141.93893,4.0635757,4.0635757,0.7
2.016398112,5.232666,33.79959234,38.72276052,60.02328666,21.300526,26.223694,14.755234,29.620903,122.03452,7.795006,7.795006,0.7
7.151931763,-4.1443787,50.28587341,54.08044434,74.74202347,20.66158,24.45615,25.996613,42.622803,109.04235,11.536591,11.536591,0.7
8.218112946,16.540436,31.69628525,37.81799507,59.58065319,21.762657,27.884369,8.970787,28.108803,92.64764,10.764717,10.764717,0.7
126.1013327,8.6336975,40.20954514,28.42282104,59.4943428,31.071522,19.284798,23.9654,33.820038,29.540466,20.572006,20.572006,0.7
4.149703979,17.04721,33.88448334,31.01799011,60.87303543,29.855045,26.988552,21.866367,31.316872,108.82587,9.87442,9.87442,0.7
1.780248006,-8.772095,38.07639631,46.04172643,57.81035169,11.768625,19.733955,22.164436,61.934135,156.8323,15.269836,15.269836,0.7
3.581878662,5.8437653,31.12969589,38.7311821,72.68290901,33.95173,41.553215,18.64508,20.7743,104.53076,11.586853,11.586853,0.7
9.811457316,4.0073395,33.9747537,37.50210317,57.70529588,20.203194,23.730541,22.783623,32.073997,154.32735,22.67363,22.67363,0.7
7.758542379,1.1465149,27.06718191,19.63359578,57.65762838,38.024033,30.590446,37.717316,29.606445,140.48328,15.638367,15.638367,0.7
2.819145203,21.63617,27.95133972,24.07237244,72.73322296,48.66085,44.781883,16.19727,37.9198,13.129845,22.126167,22.126167,0.7
8.816968282,3.7966156,38.11310069,46.75489299,73.2124354,26.457542,35.099335,28.43335,33.512222,185.90396,15.961853,15.961853,0.7
9.918907166,12.817917,16.76055145,69.06013107,65.33369446,-3.7264366,48.573143,-26.745926,2.650528,7.6391907,18.197586,18.197586,0.7
3.248303731,1.5817719,27.49314753,36.67868106,58.35762278,21.678942,30.864475,33.079964,28.135902,142.25768,11.332291,11.332291,0.7
6.563855489,9.202652,35.25210317,40.1202062,88.18849786,48.06829,52.936394,37.695694,35.578766,144.92906,13.179932,13.179932,0.7
21.11578115,-25.032715,29.69575628,24.01840719,67.91202482,43.893616,38.21627,17.228657,50.965656,97.44034,1.5880051,1.5880051,0.7
1.827946981,19.449646,40.1963164,46.10500518,46.71475593,0.60975075,6.5184393,-0.5378151,124.266464,133.89243,21.39849,21.39849,0.7
73.99345986,13.757355,12.5769666,15.66825422,41.25087889,25.582624,28.673912,16.711868,36.917778,125.22892,8.099228,8.099228,0.7
7.702349345,12.189667,29.52178446,35.75759856,45.12195245,9.364354,15.600168,16.771385,32.296127,100.22235,9.814247,9.814247,0.7
16.59074402,8.898804,42.39539719,30.1436348,57.59622192,27.452587,15.200825,19.945625,33.173157,29.867363,24.685074,24.685074,0.7
12.9746933,8.004837,38.46957016,30.58481598,60.02983856,29.445023,21.560268,26.357704,39.19256,27.152412,25.49939,25.49939,0.7
4.81648763,12.48291,32.98707453,36.84102885,72.50380389,35.662773,39.51673,12.900909,32.46524,132.76404,12.34243,12.34243,0.7
7.964126587,9.793808,36.34560394,34.36010361,52.21738815,17.857285,15.871784,27.32639,40.410156,109.8566,12.764084,12.764084,0.7
7.578664144,16.89679,29.85381571,42.94327037,65.08377711,22.140507,35.22996,26.256107,41.552467,119.44668,16.87983,16.87983,0.7
5.038155874,6.3385773,27.75910123,34.46543248,52.36001285,17.89458,24.600912,18.516388,29.387207,137.9693,17.673141,17.673141,0.7
3.385955811,7.7216034,25.29562378,21.19868469,64.55301476,43.354332,39.257393,0.8647461,23.703857,128.13213,6.6573486,6.6573486,0.7
15.76150513,11.879143,30.31491852,36.12533188,48.66168594,12.536354,18.346767,9.262848,22.74509,15.145592,18.055428,18.055428,0.7
7.852409363,9.371384,41.84589767,37.24990463,57.45740509,20.2075,15.611507,8.81694,35.43833,18.51844,18.450523,18.450523,0.7
8.040494283,11.544983,21.74599202,25.67439779,39.61486944,13.940472,17.868877,2.536583,28.76868,75.46982,4.572998,4.572998,0.7
3.435562134,4.756653,36.3227272,34.43179703,55.272686,20.840889,18.949959,26.037193,47.429413,35.460236,22.45816,22.45816,0.7
4.437781016,16.852074,29.806132,30.03922908,40.98679415,10.947565,11.180662,19.797855,34.647087,116.39815,22.245415,22.245415,0.7
7.683306376,8.167297,19.05572383,14.28086344,35.13016001,20.849297,16.074436,27.76073,46.609123,104.57332,9.103508,9.103508,0.7
2.083028158,14.989777,23.31396357,28.73995463,41.79092662,13.050972,18.476963,28.629524,52.45752,142.7439,18.760078,18.760078,0.7
2.60191981,3.827774,32.50713603,37.62119738,45.11621586,7.4950185,12.609079,29.585419,27.43509,144.2522,9.561195,9.561195,0.7
12.8414917,11.385315,35.98227692,50.06284332,74.85575676,24.792913,38.87348,8.1670685,33.000328,152.0282,14.286331,14.286331,0.7
24.63471985,8.763412,27.49014282,33.22576141,52.06314468,18.837383,24.573002,11.594173,31.744171,2.3656158,14.565567,14.565567,0.7
24.36257172,11.973526,59.15579987,59.30115318,86.95517731,27.654024,27.799377,8.617249,57.865524,33.97319,11.767357,11.767357,0.7
3.859453837,-2.1882782,30.651179,34.01204936,55.70605151,21.694002,25.054873,14.102943,57.13201,106.52687,1.5125732,1.5125732,0.7
10.84821574,3.5826263,19.94868724,15.54942195,41.64900653,26.099585,21.70032,22.848923,35.161156,154.3633,3.0726166,3.0726166,0.7
11.08641052,0.86250305,46.07883453,25.33134079,41.91143417,16.580093,-4.1674004,10.20446,51.14476,22.39637,26.850365,26.850365,0.7
4.523345947,-0.7612457,35.56551552,39.00763702,54.81038809,15.802752,19.244873,11.819977,46.352295,20.920013,28.856491,28.856491,0.7
30.43301392,9.218018,34.16088104,14.80131531,45.42333984,30.622025,11.262459,11.490692,41.67122,22.360916,7.190735,7.190735,0.7
17.50883484,13.74353,23.10189056,36.43825531,72.63010025,36.191845,49.52821,-0.43267822,22.384506,19.633087,15.162384,15.162384,0.7
10.23455048,20.091125,60.45683479,63.51935959,83.54977512,20.030415,23.092941,40.71746,69.99373,57.050453,23.538757,23.538757,0.7
4.425641378,7.141556,15.66197713,7.950719198,29.44271596,21.491997,13.780739,10.917664,19.22921,100.873146,10.131271,10.131271,0.7
0.421498617,13.809158,34.190684,34.71988932,62.94966761,28.229778,28.758984,20.18277,28.80867,136.49551,12.490952,12.490952,0.7
2.546437581,9.1644745,20.68758901,21.83072408,43.27677663,21.446053,22.589188,-0.4664688,27.214394,114.41309,5.608856,5.608856,0.7
4.006088257,9.843292,49.5008316,53.44008636,79.78096771,26.340881,30.280136,21.852852,61.831955,118.983826,2.2676392,2.2676392,0.7
0.848978678,12.505028,19.91498057,14.50171153,24.30830638,9.806595,4.393326,14.90834,19.539192,133.70438,3.8308868,3.8308868,0.7
4.1346639,3.3372498,35.38446554,37.17697652,56.42137655,19.2444,21.036911,15.220795,29.217072,149.3665,7.891449,7.891449,0.7
1.752624512,10.652176,15.75822449,12.70581055,28.00288391,15.297073,12.244659,20.548378,21.04979,118.84711,10.178131,10.178131,0.7
0.892478943,7.2131042,23.96134949,18.03500366,40.62778091,22.592777,16.666431,9.583122,20.453667,106.637,9.0637665,9.0637665,0.7
1.573783875,7.17424,14.60121155,17.38267517,25.89765167,8.5149765,11.29644,3.6512222,24.693718,99.38604,5.036728,5.036728,0.7
5.414690653,8.069794,32.31797536,34.93601735,75.39487489,40.45886,43.0769,5.196636,27.302155,90.68321,9.901863,9.901863,0.7
5.161214193,13.382843,12.07290904,10.32589976,22.29163615,11.965736,10.218727,6.5710716,18.924469,88.160355,10.8895645,10.8895645,0.7
8.839096069,8.217102,25.12046432,23.86846161,25.74515533,1.8766937,0.624691,31.213707,20.855934,121.74811,9.737862,9.737862,0.7
6.281885783,14.212997,21.74323527,17.07650248,43.32912699,26.252625,21.585892,10.9414215,23.651947,123.80412,15.423965,15.423965,0.7
1.752624512,10.652176,15.75822449,12.70581055,28.00288391,15.297073,12.244659,20.548378,21.04979,118.84711,10.178131,10.178131,0.7
72.22888931,12.952148,-11.87689463,-8.659552256,27.4651502,36.124702,39.342045,-6.933647,35.611504,94.00006,11.887283,11.887283,0.7
1.837552389,1.538681,26.11302694,21.48276265,32.02332052,10.540558,5.9102936,22.101856,25.985207,100.70242,11.854462,11.854462,0.7
4.242665609,5.422943,20.60261281,23.33801015,43.66974386,20.331734,23.067131,22.863575,23.894905,106.283714,12.698845,12.698845,0.7
4.358070374,10.184967,14.66171265,18.21191406,29.96325302,11.751339,15.30154,18.69999,16.123665,87.19768,9.831795,9.831795,0.7
1.289705912,2.320755,19.30754344,20.37002818,26.85998027,6.489952,7.552437,19.424881,18.81955,89.784134,8.513184,8.513184,0.7
146.5145522,7.3999634,-12.48284658,-13.41028341,-2.666829427,10.743454,9.816017,13.170311,24.211075,112.83079,3.6989899,3.6989899,0.7
0.592104594,10.97776,17.83079274,19.3179601,38.16210683,18.844147,20.331314,5.648117,28.986076,128.49503,12.898338,12.898338,0.7
1.323570251,6.7876434,17.41047668,16.68576813,26.70791626,10.022148,9.29744,14.566368,18.461395,108.47266,12.297142,12.297142,0.7
11.23012924,15.840752,42.21586132,23.05682373,52.30980921,29.252985,10.093948,14.888241,31.789047,30.648193,5.669571,5.669571,0.8
2.41557312,3.4996185,20.66631699,19.05394745,46.73424149,27.680294,26.067924,3.0726929,40.81298,12.360954,1.3201828,1.3201828,0.8
11.93503571,12.116547,45.61155319,61.42300987,88.21618032,26.79317,42.604626,11.117859,33.997055,38.33094,16.1249,16.1249,0.8
7.523841858,1.3184967,39.33921814,21.7903862,33.09744263,11.307056,-6.2417755,20.096497,25.411705,26.063042,8.2992935,8.2992935,0.8
13.43343353,27.842987,30.52682114,27.62839127,50.13454056,22.50615,19.60772,12.041893,31.559296,22.471363,15.987915,15.987915,0.8
3.093852997,-0.30802917,45.68429279,39.03936577,51.5368582,12.497493,5.8525653,18.083244,26.106323,58.50821,13.080879,13.080879,0.8
96.42387009,13.323181,34.49372864,39.09008026,73.57794476,34.487865,39.084217,45.202732,65.147804,99.527405,24.654373,24.654373,0.8
11.51756287,6.793213,21.83480835,32.90220642,68.97537994,36.073174,47.14057,20.333672,17.50956,12.096703,17.780197,17.780197,0.8
4.831695557,11.280838,20.44581604,35.27098846,53.28845215,18.017464,32.842636,37.072903,32.011536,5.3011627,17.593178,17.593178,0.8
0.15716807,7.7936172,31.87891261,34.31911341,45.44600217,11.126888,13.567089,26.37342,27.52729,145.0073,21.377495,21.377495,0.8
88.48344421,7.4477386,9.391921997,-1.334243774,10.3675766,11.70182,0.9756546,15.3843,25.778206,73.7959,14.513992,14.513992,0.8
7.058631897,2.9762268,40.57513428,36.51748848,64.37152171,27.854033,23.796387,18.606445,37.940018,31.471184,14.751671,14.751671,0.8
6.626083374,19.719406,53.20021439,33.54866028,53.55348587,20.004826,0.35327148,23.810638,38.163963,44.18847,26.742218,26.742218,0.8
97.68969774,41.993073,29.35257149,23.65927315,45.73782444,22.078552,16.385254,31.071194,27.576355,-76.21129,43.895203,43.895203,0.8
12.11753082,19.25438,24.59336853,19.44939423,61.30906677,41.859673,36.7157,9.294418,27.50457,17.396202,15.891281,15.891281,0.8
25.76459503,7.335266,36.2557869,43.68393326,70.19755077,26.513618,33.941765,13.1358185,32.742096,38.259094,13.734215,13.734215,0.8
10.33998871,14.473236,27.96361542,32.00163269,61.96816063,29.966528,34.004547,33.75037,37.723602,31.638763,19.054863,19.054863,0.8
4.825698853,31.883896,39.89074707,41.0933075,65.47186947,24.378563,25.581123,16.052883,44.21482,14.382538,13.192535,13.192535,0.8
0.405914307,13.551071,44.8680687,29.80921173,59.5460062,29.736794,14.6779375,20.697876,34.51561,26.90207,15.835434,15.835434,0.8
5.309646606,18.4738,41.15716553,36.93018341,60.6540451,23.723862,19.49688,9.625198,51.99373,22.668411,12.493248,12.493248,0.8
3.278152466,16.174667,30.56762314,31.17079163,52.71317673,21.542385,22.145554,-1.5236053,35.153954,23.55024,21.479637,21.479637,0.8
6.110652924,12.787453,26.99584961,31.31513596,45.25357246,13.9384365,18.257723,-0.38106537,47.31157,31.908112,10.972542,10.972542,0.8
5.708287557,20.243866,42.31588618,38.99317805,65.55089251,26.557714,23.235006,30.415619,38.843483,141.93607,16.996803,16.996803,0.8
32.25537872,11.606033,26.42304993,47.31909943,41.71644592,-5.6026535,15.293396,3.7448807,65.368576,-17.384216,21.0429,21.0429,0.8
9.741508484,13.355347,52.51667023,42.07793045,78.44638062,36.36845,25.92971,37.003555,55.424606,9.714081,10.704025,10.704025,0.8
151.4693489,5.904846,29.74077988,34.91747665,69.80864429,34.891167,40.067863,2.1507034,61.616375,49.360855,9.476501,9.476501,0.8
5.128578186,17.610092,33.41255188,33.72105789,62.72750092,29.006443,29.314949,16.6636,68.93035,12.309021,13.42054,13.42054,0.8
6.743209839,18.577072,48.43940735,34.9608078,83.10807419,48.147266,34.668667,30.547623,68.51701,69.06153,27.67279,27.67279,0.8
10.9855957,20.175262,34.88959885,32.22597504,63.59884572,31.372871,28.709248,13.709763,43.907036,16.835312,13.694183,13.694183,0.8
12.61873627,12.846542,44.27765656,43.25831604,70.35588074,27.097565,26.078224,24.29737,45.25479,51.107666,10.107452,10.107452,0.8
5.068618774,14.630753,39.39828491,48.71237183,70.36892319,21.656551,30.970638,41.16796,62.40033,46.139725,20.402771,20.402771,0.8
22.64598846,18.200485,36.00618744,20.43271637,30.24068451,9.807968,-5.765503,10.547096,45.322617,20.077194,8.588989,8.588989,0.8
53.52506256,14.564392,25.15670013,24.02157593,43.10512161,19.083546,17.948421,12.248344,34.966003,22.614388,16.306625,16.306625,0.8
8.582626343,22.26596,48.21911621,47.54376984,87.48037481,39.936604,39.261257,45.408424,48.523148,60.84993,13.221313,13.221313,0.8
10.03981781,6.1204987,34.33989716,38.36124039,80.36047745,41.999237,46.02058,8.512035,73.54367,39.611465,20.528053,20.528053,0.8
10.37688446,18.607147,46.7683754,43.86734962,69.4089973,25.541647,22.640621,14.600655,42.94467,31.484543,24.108253,24.108253,0.8
7.151184082,14.680511,21.00062561,29.08829498,63.43737411,34.34908,42.43675,16.56234,18.147232,44.470474,8.4557495,8.4557495,0.8
11.63313548,9.297867,32.05668386,50.24744924,90.50298055,40.25553,58.446297,17.995758,12.83728,136.2034,17.67015,17.67015,0.8
13.16614532,29.09816,39.47363281,26.47676468,57.75980568,31.283041,18.286173,16.562859,35.79856,26.443268,8.345055,8.345055,0.8
1.162513733,0.49723816,48.94054604,45.03646851,53.557827,8.5213585,4.617281,12.428455,44.235672,18.281311,3.4987793,3.4987793,0.8
6.363601685,14.390945,28.06826782,23.00297546,53.94723511,30.94426,25.878967,12.18277,44.41456,51.14393,15.387665,15.387665,0.8
126.5954475,17.5018,47.58301735,40.59259796,63.8385253,23.245928,16.255508,12.027367,36.210938,-125.82725,33.41368,33.41368,0.8
19.39476776,14.981232,31.56027222,49.29201508,76.08664131,26.794626,44.526367,22.50901,23.350662,32.000984,27.952332,27.952332,0.8
8.602653503,6.084442,43.38062286,53.37677002,72.34779835,18.971027,28.967175,19.71286,35.219505,7.9853363,17.714767,17.714767,0.8
8.456802368,17.371643,49.64418411,45.87173653,68.72899342,22.857258,19.084808,22.99685,41.149925,30.063812,19.207596,19.207596,0.8
3.684806824,15.171921,50.04966164,22.82965469,58.79507828,35.965424,8.745417,27.75029,52.007675,55.3172,19.52539,19.52539,0.8
18.47769165,-2.0640411,37.34295273,30.19781494,63.83996773,33.64215,26.497015,-14.042328,35.382675,38.589554,9.425789,9.425789,0.8
5.763072968,19.549805,32.69688416,38.6541996,60.71493053,22.06073,28.018047,17.275726,24.909546,40.564377,29.33786,29.33786,0.8
11.20144653,13.695053,38.65684891,33.39957428,74.63019466,41.23062,35.973347,1.941719,58.68907,23.142769,26.683853,26.683853,0.8
2.032497406,8.732407,26.85136414,32.20277023,55.57954359,23.376774,28.72818,7.995735,39.327316,127.03661,19.826004,19.826004,0.8
2.646217346,15.172867,48.15364838,39.95419693,66.00579643,26.0516,17.852148,7.8013,54.634125,29.336594,28.827477,28.827477,0.8
4.545911153,18.026138,35.23481496,38.05917104,79.76028713,41.701115,44.52547,25.628857,26.69101,124.63378,18.630547,18.630547,0.8
12.76464081,-3.3502045,43.87362671,22.6164856,32.56061554,9.94413,-11.313011,28.015549,41.47558,24.509201,16.030731,16.030731,0.8
19.24362946,11.451187,30.94882584,34.38258743,48.35124969,13.968662,17.402424,5.856079,55.357925,110.974915,7.9908066,7.9908066,0.8
9.423400879,0.708992,35.13161469,41.22914886,65.10368729,23.874538,29.972073,8.997833,38.562378,7.661049,97.849594,97.849594,0.8
1.505996704,40.933365,45.56479645,50.45445633,68.39882326,17.944366,22.834026,31.858551,45.121063,47.154884,26.088692,26.088692,0.8
15.32223002,9.371521,50.36357625,62.00322088,98.80702432,36.803802,48.443447,22.77285,47.187027,151.7918,15.990829,15.990829,0.8
13.39289856,6.0231934,40.15406799,50.01724243,76.99114799,26.973906,36.837082,27.554184,38.653458,16.414772,13.479599,13.479599,0.8
7.875114441,9.489563,33.03788757,36.86108398,63.92751694,27.066433,30.88963,16.149231,43.550385,21.385971,18.191727,18.191727,0.8
5.628135681,21.290405,27.81077576,20.34989929,57.95035934,37.60046,30.139584,10.061539,40.33927,18.77401,16.303185,16.303185,0.8
10.17211151,15.739166,39.36680603,40.22048187,71.16591263,30.94543,31.799107,23.860771,48.910477,44.54947,13.5475235,13.5475235,0.8
3.345916748,12.290756,29.16636658,32.69587708,66.40794182,33.712067,37.241577,19.7527,39.159653,22.711227,15.31015,15.31015,0.8
9.099712372,18.410645,40.45990562,33.0967865,52.09959221,19.002806,11.639687,32.303432,45.142868,36.35138,18.47741,18.47741,0.8
3.130523682,-0.47650146,35.79333878,23.35098267,65.88370514,42.532722,30.090366,20.170258,30.180565,31.97483,19.543777,19.543777,0.8
10.67619832,8.7751465,35.28692754,34.59114583,84.10213216,49.510986,48.815205,5.5361023,20.411324,126.28177,11.716225,11.716225,0.8
6.00962321,6.2565002,32.38160833,39.80751928,68.60466178,28.797142,36.223053,4.795212,23.8601,108.99949,17.15725,17.15725,0.8
10.85956573,10.684525,42.29846573,43.54539871,80.86639595,37.321,38.567932,-1.6488266,20.562607,12.373642,12.416992,12.416992,0.8
7.408734639,12.372284,32.98617427,42.0502154,86.75874583,44.70853,53.77257,-2.702446,28.30008,136.14256,8.589424,8.589424,0.8
14.25244141,8.758255,49.95150757,39.0667572,84.86068726,45.79393,34.90918,13.638397,34.400734,22.879913,19.851135,19.851135,0.8
4.740684509,10.448349,31.70527649,36.72517776,71.97152519,35.246346,40.26625,26.75595,51.173096,49.522675,9.238251,9.238251,0.8
7.79335022,16.802063,46.90633392,28.09362793,50.71231842,22.61869,3.8059845,-3.0950394,67.68989,22.14383,20.087738,20.087738,0.8
7.352668762,16.062256,39.3030014,41.20433044,74.01126099,32.80693,34.70826,0.9248047,31.86467,29.080978,14.097115,14.097115,0.8
12.18022919,10.787613,17.3624649,36.52926636,69.29816437,32.768898,51.9357,14.800491,30.943573,8.994431,19.360634,19.360634,0.8
11.76525879,13.174408,27.21774292,44.44489288,94.14774132,49.70285,66.93,9.824966,24.510704,13.737022,21.503418,21.503418,0.8
5.952735901,4.592003,53.37649107,55.23343539,56.31044912,1.0770137,2.933958,0.052021742,125.46176,148.94318,16.372421,16.372421,0.8
11.3300209,4.2124786,38.62239456,48.73740101,55.92073894,7.183338,17.298344,13.551506,50.323456,142.02647,16.067604,16.067604,0.8
1.883677165,4.439438,60.81870333,69.88340537,73.95833508,4.0749297,13.139631,20.013672,33.01024,154.85265,19.787834,19.787834,0.8
11.08292643,2.8704834,27.2897555,32.4247996,50.98194377,18.557144,23.692188,23.685104,27.470528,138.45224,11.018967,11.018967,0.8
5.599642436,13.525024,29.77045949,40.38577779,89.56519683,49.17942,59.79474,13.721069,33.149956,136.18428,9.708771,9.708771,0.8
3.637173971,12.96315,22.66158549,45.95926539,30.08384196,-15.875423,7.4222565,64.90555,18.077995,129.49239,17.00232,17.00232,0.8
4.765846252,21.357224,22.59103394,37.64265442,68.65307617,31.010422,46.062042,22.182648,26.750938,15.192566,21.902878,21.902878,0.8
2.718900045,4.4206696,18.24958165,32.75768026,52.87015661,20.112476,34.620575,40.305244,22.64981,137.65619,11.869736,11.869736,0.8
1.625546773,15.443512,29.00935618,52.79345194,39.90637843,-12.8870735,10.897022,68.65047,17.659988,125.509964,14.903549,14.903549,0.8
4.315633138,14.257324,23.8925031,33.18142446,43.05262311,9.871199,19.16012,51.440926,6.720398,122.66701,15.24881,15.24881,0.8
6.259396871,5.4559784,15.4558843,32.07401021,32.48828252,0.4142723,17.032398,56.41705,9.956436,120.14748,3.9356308,3.9356308,0.8
9.101898193,21.92234,15.7762146,41.78409004,47.05962372,5.2755337,31.28341,43.540634,1.6341553,14.935684,16.235329,16.235329,0.8
12.94654083,4.259079,21.79506683,37.75860214,25.38166809,-12.376934,3.5866013,56.09003,15.889969,119.26561,-2.9892273,2.9892273,0.8
5.983428955,15.54203,31.97686005,14.6623764,51.08923149,36.426857,19.112371,20.07431,35.371964,36.93857,11.175438,11.175438,0.8
156.1176772,7.879471,-0.384994507,13.86097717,32.77035141,18.909374,33.155346,47.92386,30.355713,55.855743,15.915558,15.915558,0.8
6.311419169,9.065872,25.12263616,41.95683034,53.68884786,11.7320175,28.566212,63.575237,27.462128,134.52032,2.7407837,2.7407837,0.8
5.100598653,9.08374,41.73757807,43.50656001,72.51681201,29.010252,30.779234,45.03903,57.054672,146.41743,10.327179,10.327179,0.8
5.276641846,8.617081,23.02397919,34.07752991,58.01892853,23.941399,34.99495,39.57228,23.820992,137.73203,10.981026,10.981026,0.8
1.801940918,24.08194,29.42749023,29.41931915,34.07924652,4.6599274,4.6517563,39.135124,18.874199,123.63007,20.23059,20.23059,0.8
2.246643066,20.586655,28.40964508,50.72817612,69.41999435,18.691818,41.01035,72.35419,29.789848,130.83885,19.698624,19.698624,0.8
17.53411102,-3.577652,18.75618744,32.24612427,44.16391754,11.917793,25.40773,38.56514,18.245087,156.0689,15.766182,15.766182,0.8
9.301785787,9.4453125,18.0515035,35.39280065,32.84235891,-2.5504417,14.790855,82.84836,30.371681,149.07677,18.59742,18.59742,0.8
108.0147734,11.704666,-0.577651978,11.55754852,34.52656174,22.969013,35.104214,29.126358,21.248337,119.581726,13.474953,13.474953,0.8
4.459986369,7.2766876,31.55371221,34.09224828,58.19789251,24.105644,26.64418,38.882256,37.02043,153.91893,10.354256,10.354256,0.8
5.413955688,21.805237,47.09591293,39.13272858,55.95329285,16.820564,8.85738,16.619915,50.86664,7.527855,9.207863,9.207863,0.8
10.082901,5.7732544,31.07514191,37.84428787,64.1813755,26.337088,33.10623,29.65094,47.666008,25.648323,15.252411,15.252411,0.8
5.527399699,18.138351,37.91061147,46.76322683,61.95622762,15.193001,24.045616,19.663677,36.163765,131.23334,8.060043,8.060043,0.8
7.403101603,5.267288,30.04453532,31.21898905,74.3321921,43.113205,44.28766,17.3816,32.721214,137.49353,10.074448,10.074448,0.8
6.414461772,7.165573,41.08274333,42.49052111,45.20226924,2.7117481,4.119526,17.503414,48.303932,140.47997,20.585938,20.585938,0.8
97.30091667,18.583069,18.56542206,13.7247963,50.29580212,36.571007,31.730381,24.818718,37.14524,150.27002,16.377373,16.377373,0.8
4.571495056,19.346252,48.66931534,39.71348953,74.40011406,34.686623,25.730799,18.325653,30.594048,28.562263,25.198006,25.198006,0.8
6.015177409,9.595627,41.72128805,45.50000127,73.72297414,28.222973,32.001686,26.867996,49.32579,145.7779,2.9692688,2.9692688,0.8
12.55601247,4.2893677,33.73449961,48.32506816,80.01225154,31.687183,46.277752,33.174366,26.919006,126.01044,3.380661,3.380661,0.8
1.880859375,-9.628357,48.49462891,51.5697403,81.95457935,30.384838,33.45995,26.882248,18.056229,114.51738,3.129364,3.129364,0.8
2.100611369,13.814896,36.69919268,34.98597209,52.76370446,17.777733,16.064512,25.743336,34.657898,123.373634,14.880142,14.880142,0.8
5.740690867,3.9541168,29.42163976,33.44827016,51.06753476,17.619265,21.645895,31.60109,42.89788,110.992294,17.307098,17.307098,0.8
4.741329193,7.949417,30.97875977,30.58827209,48.24840021,17.660128,17.26964,29.79451,31.013489,131.10966,12.144821,12.144821,0.8
4.52973938,11.611557,28.92464447,34.67062378,68.66239929,33.991776,39.737755,23.082172,28.548203,22.967896,20.849648,20.849648,0.8
13.74295044,14.243195,46.39400864,75.06015491,86.83297706,11.772822,40.43897,41.57686,26.159973,21.468079,22.938889,22.938889,0.8
3.149833679,0.90293884,43.67827797,37.96494675,58.08632994,20.121384,14.408052,37.388546,58.373394,118.42018,13.029854,13.029854,0.8
7.185625712,-0.8158722,29.09693782,21.66914241,57.08926264,35.42012,27.992325,10.884468,44.33783,164.58762,17.942543,17.942543,0.8
5.719543457,5.669983,41.19393921,52.56459999,70.74604797,18.181448,29.552109,20.814262,35.86669,27.810966,21.858444,21.858444,0.8
9.650746663,1.2913208,24.17656835,43.08971914,53.64447339,10.554754,29.467905,27.624496,19.353302,88.16437,18.770279,18.770279,0.8
5.33043162,-0.18423462,33.57724635,33.91157023,61.20913474,27.297565,27.63189,20.289978,31.785248,115.84609,19.09568,19.09568,0.8
14.99048615,21.252045,35.20735931,42.52622604,92.34939909,49.823174,57.14204,23.446465,43.938873,35.440804,30.492989,30.492989,0.8
3.087374369,1.3233185,22.19743856,36.00384649,76.32484086,40.320995,54.127403,54.218636,42.038506,141.4756,29.604385,29.604385,0.8
7.539398193,10.932495,29.69985199,27.82467651,51.36306763,23.538391,21.663216,23.9136,25.567467,103.54629,13.427734,13.427734,0.8
4.980560303,7.2675476,44.53259659,32.19821167,62.50016403,30.301952,17.967567,21.084663,37.988758,28.339096,27.823593,27.823593,0.8
1.432815552,24.938828,32.01580811,33.84207153,87.92171478,54.079643,55.905907,30.299997,85.362366,50.197014,20.644676,20.644676,0.8
3.885658264,5.1478424,36.81190491,46.91321564,78.41570663,31.502491,41.6038,31.219215,42.339706,133.55212,6.8345337,6.8345337,0.8
120.4198036,5.7372284,16.4305687,32.25460434,45.25016403,12.99556,28.819595,29.75611,43.415512,-57.834023,19.682816,19.682816,0.8
1.771034241,7.6495514,33.58718872,32.0103569,49.15649796,17.146141,15.569309,18.473942,35.124542,110.895706,14.91951,14.91951,0.8
4.22249349,13.925781,36.5680631,30.25010427,51.18829091,20.938187,14.620228,20.209808,43.684067,109.28754,13.171715,13.171715,0.8
3.673934937,12.596222,20.54284668,30.14105988,59.98390579,29.842846,39.44106,28.668781,57.544136,24.717468,17.91655,17.91655,0.8
5.808957418,-9.263977,32.9816157,49.82853953,82.54242198,32.713882,49.560806,25.356285,47.79606,169.86452,26.126373,26.126373,0.8
5.272054036,4.2562103,26.69297918,22.27419027,48.53291448,26.258724,21.839935,38.350468,52.7984,147.38272,5.002838,5.002838,0.8
8.737312317,4.789917,44.71715164,52.08369827,59.51269531,7.428997,14.795544,29.346764,36.10942,10.5516205,10.876022,10.876022,0.8
13.86677551,13.038498,25.10057068,32.45587921,56.67095184,24.215073,31.570381,-9.411831,33.67647,88.58125,7.8195496,7.8195496,0.8
14.61540222,12.075729,38.98653412,43.13983536,80.64710331,37.507267,41.66057,4.051407,36.1522,28.671387,7.1015625,7.1015625,0.8
5.613586426,8.714935,21.59902954,21.38410187,40.82384491,19.439743,19.224815,20.070389,29.066826,128.04489,4.9969788,4.9969788,0.8
0.573079427,10.786896,22.57023366,18.85802968,29.07024892,10.212219,6.5000153,13.800789,24.622215,103.58048,8.467056,8.467056,0.8
4.660774231,0.37576294,28.94601059,33.2700119,55.01389122,21.74388,26.06788,27.474728,51.209183,109.71848,10.489365,10.489365,0.8
2.406761169,2.4392548,44.5724411,36.1967926,54.53513336,18.33834,9.962692,24.896904,38.894615,155.34091,2.1486511,2.1486511,0.8
8.870203654,14.2478485,13.48371379,18.87201945,29.62471263,10.752693,16.140999,17.293365,18.404556,127.34184,13.044861,13.044861,0.8
4.70308431,7.2376404,18.86940511,37.29152425,55.46515401,18.17363,36.59575,9.207787,26.488495,107.99782,9.469467,9.469467,0.8
5.53503418,11.62587,25.9235611,24.11063385,35.94121552,11.830582,10.017654,17.508514,24.962471,128.60826,12.818649,12.818649,0.8
4.031763713,12.736465,24.43629964,14.33825429,26.05645498,11.718201,1.6201553,18.497902,21.066742,146.30014,11.047905,11.047905,0.8
2.077812195,10.54982,12.41631317,9.141036987,32.32543182,23.184395,19.909119,14.747543,22.370407,125.41318,10.649384,10.649384,0.8
8.839096069,8.217102,25.12046432,23.86846161,25.74515533,1.8766937,0.624691,31.213707,20.855934,121.74811,9.737862,9.737862,0.8
105.1165395,5.775978,-4.710048676,-7.514633179,27.43400955,34.948643,32.14406,16.529068,19.96817,131.80609,15.265732,15.265732,0.8
104.8150185,12.61853,-9.749677022,-5.132527669,15.72204844,20.854576,25.471725,15.727577,24.010887,138.1888,15.496635,15.496635,0.8
6.281885783,14.212997,21.74323527,17.07650248,43.32912699,26.252625,21.585892,10.9414215,23.651947,123.80412,15.423965,15.423965,0.8
72.22888931,12.952148,-11.87689463,-8.659552256,27.4651502,36.124702,39.342045,-6.933647,35.611504,94.00006,11.887283,11.887283,0.8
4.799123128,6.041397,17.4337794,14.52339427,35.93532817,21.411934,18.501549,13.918945,17.978806,131.41704,11.751793,11.751793,0.8
3.426078796,11.498543,40.25948334,31.8900795,64.50163651,32.611557,24.242153,4.924118,26.572243,14.418167,13.786324,13.786324,0.8
1.092419942,7.589798,28.63844935,20.14992778,41.7755572,21.62563,13.137108,14.338047,26.958488,109.27504,9.41935,9.41935,0.8
1.025716146,6.3446426,16.35931269,13.39541499,37.15202586,23.75661,20.792713,15.50267,48.434685,132.18304,7.866005,7.866005,0.8
3.804707845,11.2369,35.79453023,48.75636419,74.36989244,25.61353,38.575363,26.836472,18.694496,107.0617,11.263504,11.263504,0.8
4.18456014,8.3927765,20.8015391,19.60833995,39.87720744,20.268867,19.075668,16.365177,26.621078,91.42314,12.022369,12.022369,0.8
4.737548828,8.782623,19.36465454,30.08751678,40.05079651,9.96328,20.686142,17.589561,30.632828,137.76836,11.240509,11.240509,0.8
6.355148315,7.1915894,15.53317261,11.80488586,26.95968628,15.1548,11.426514,18.694305,32.697266,137.76439,10.223465,10.223465,0.8
5.321523031,6.7721252,30.07731883,25.75634257,45.72629801,19.969955,15.648979,11.603947,48.688736,102.235634,6.4136505,6.4136505,0.8
6.093584696,2.3638153,9.366460164,14.41010793,28.98327382,14.573166,19.616814,18.681206,17.570595,127.872856,4.219536,4.219536,0.8
136.4125676,5.0529785,-4.420593262,-7.190071106,14.9126358,22.102707,19.33323,12.688873,19.89441,146.55597,10.826881,10.826881,0.8
111.0787365,2.688614,-14.14511871,-11.75544739,6.120235443,17.875683,20.265354,10.940025,43.211777,122.77034,7.6604233,7.6604233,0.8
3.949223836,5.830353,14.13837687,15.94421641,31.8750941,15.930878,17.736717,11.736172,31.787384,79.4275,0.5126114,0.5126114,0.8
2.914001465,5.3826447,21.69394684,12.29928589,28.17610931,15.876823,6.4821625,22.97211,26.994598,96.17522,3.400116,3.400116,0.8
0.583930969,7.6864166,15.60490417,15.15213013,21.92774963,6.7756195,6.3228455,32.12687,25.726051,103.20958,12.024979,12.024979,0.8
2.49286143,8.003281,16.23519643,14.72224172,30.4568189,15.734577,14.221622,8.548912,17.76535,137.22513,14.471275,14.471275,0.8
1.482831319,7.0488586,20.67512004,11.55687205,29.5310847,17.974213,8.855965,15.73531,26.271355,86.71733,0.112960815,0.112960815,0.8
3.144187927,10.208435,9.477142334,8.631637573,27.14274597,18.511108,17.665604,10.391121,12.906601,117.08478,7.351082,7.351082,0.8
2.553418477,4.9301453,14.24936422,12.37820943,27.57293065,15.194721,13.323566,14.941124,20.780396,96.9144,7.6904297,7.6904297,0.8
13.79719289,2.4414215,16.88236491,12.03363291,23.75889842,11.7252655,6.8765335,25.135117,22.375267,105.69948,9.977966,9.977966,0.8
3.644841512,14.565086,19.91220347,25.76839701,42.07350413,16.305107,22.1613,13.393681,20.14633,45.050423,7.1981125,7.1981125,0.8
4.031763713,12.736465,24.43629964,14.33825429,26.05645498,11.718201,1.6201553,18.497902,21.066742,146.30014,11.047905,11.047905,0.8
1.585103353,5.8917084,23.0288264,32.47810618,51.07853953,18.600433,28.049713,10.886574,41.09237,140.61433,8.700912,8.700912,0.8
2.077812195,10.54982,12.41631317,9.141036987,32.32543182,23.184395,19.909119,14.747543,22.370407,125.41318,10.649384,10.649384,0.8
2.070439657,2.9134827,21.11377462,17.34192022,33.23961004,15.89769,12.125835,21.449478,31.383041,119.6518,5.083969,5.083969,0.8
105.1165395,5.775978,-4.710048676,-7.514633179,27.43400955,34.948643,32.14406,16.529068,19.96817,131.80609,15.265732,15.265732,0.8
104.8150185,12.61853,-9.749677022,-5.132527669,15.72204844,20.854576,25.471725,15.727577,24.010887,138.1888,15.496635,15.496635,0.8
1.438390096,2.910553,16.79583995,21.0658137,31.54839961,10.482586,14.75256,26.211868,18.283226,108.18704,12.629387,12.629387,0.8
2.288319906,3.8597946,26.95065053,24.2862409,46.53959783,22.253357,19.588947,14.721367,28.515167,125.58233,3.3072357,3.3072357,0.8
1.471313477,4.7235107,26.73020172,27.52871704,56.38041687,28.8517,29.650215,16.630718,27.060486,103.898506,4.047249,4.047249,0.8
0.268778483,10.2712555,16.34195201,13.69853465,29.15144984,15.452915,12.809498,11.687317,21.093216,144.88327,10.052849,10.052849,0.8
3.426078796,11.498543,40.25948334,31.8900795,64.50163651,32.611557,24.242153,4.924118,26.572243,14.418167,13.786324,13.786324,0.8
151.7415491,12.335861,-13.45514425,-9.42246755,-0.362874349,9.059593,13.09227,30.405949,43.066025,107.56392,10.174042,10.174042,0.8
1.70837911,-2.7067566,24.3678538,25.08062236,43.95720927,18.876587,19.589355,28.442589,29.680763,138.2889,5.062271,5.062271,0.8
1.092419942,7.589798,28.63844935,20.14992778,41.7755572,21.62563,13.137108,14.338047,26.958488,109.27504,9.41935,9.41935,0.8
2.512967428,13.048233,20.8544782,23.24413045,46.93881162,23.694681,26.084333,13.475983,26.388016,109.7195,13.975838,13.975838,0.8
3.190755208,10.670013,18.36774699,10.23836772,23.6454188,13.407051,5.277672,25.693863,25.031311,159.28455,6.409912,6.409912,0.8
3.804707845,11.2369,35.79453023,48.75636419,74.36989244,25.61353,38.575363,26.836472,18.694496,107.0617,11.263504,11.263504,0.8
4.18456014,8.3927765,20.8015391,19.60833995,39.87720744,20.268867,19.075668,16.365177,26.621078,91.42314,12.022369,12.022369,0.8
1.562014262,14.659714,26.62889353,14.70041148,31.55655162,16.85614,4.927658,16.9827,25.097496,112.04618,9.805176,9.805176,0.8
6.719963074,5.653885,19.7161026,20.28343201,43.31530762,23.031876,23.599205,12.642536,28.91732,94.49109,6.6127167,6.6127167,0.8
6.245435079,5.7194214,18.8617452,20.20796712,39.63935598,19.431389,20.77761,20.663078,25.891182,113.32254,11.490707,11.490707,0.8
7.974906921,3.4769897,17.00466156,19.91175842,34.02033997,14.108582,17.015678,8.379566,21.74244,84.60473,6.1138153,6.1138153,0.8
2.984153748,2.6806335,13.40200043,17.62273407,36.72711182,19.104378,23.325111,18.66272,15.304047,120.92206,-1.2033615,1.2033615,0.8
0.95262146,2.0318756,15.81325531,21.18719482,32.26216888,11.074974,16.448914,16.72902,24.089806,104.51559,4.424637,4.424637,0.8
3.080123901,19.951157,29.80504608,48.66043854,82.75654984,34.09611,52.951504,6.7293854,25.141998,17.708244,11.7535095,11.7535095,0.9
11.75431061,30.753525,45.46490288,42.29964256,63.73045397,21.43081,18.26555,16.226677,34.366653,-1.6526337,22.106155,22.106155,0.9
1.84135437,22.531677,39.49927521,48.12312698,78.74743032,30.624304,39.248154,27.14354,26.767303,26.256447,17.091766,17.091766,0.9
0.767862956,14.65773,29.8899587,38.22853025,56.84813054,18.6196,26.958172,18.865738,21.817513,106.112564,16.63398,16.63398,0.9
5.066848755,12.185822,30.90451813,37.00622177,48.6367836,11.630562,17.732265,30.815256,52.36579,40.464996,9.3734665,9.3734665,0.9
5.236381531,6.9877167,40.62084961,60.90223694,75.42066193,14.518425,34.799812,21.912254,51.054947,7.551529,14.348648,14.348648,0.9
3.439735413,15.676224,31.30238342,59.32939148,97.91619682,38.586807,66.613815,25.165619,36.761154,42.67559,23.896988,23.896988,0.9
9.585968018,0.9818115,35.98401642,43.80520248,72.53634071,28.731138,36.552322,0.8185463,61.14528,14.272728,10.295486,10.295486,0.9
4.427307129,26.612846,37.9743886,36.97752666,44.5930084,7.615482,6.61862,136.38919,42.536163,40.340744,7.0153046,7.0153046,0.9
9.578727722,19.227036,41.70510864,25.98995209,70.05659103,44.06664,28.351482,20.066326,49.212936,34.39319,13.750725,13.750725,0.9
11.89388275,13.943726,17.97052383,22.00460052,41.34880829,19.344208,23.378284,5.162155,34.936203,21.814468,11.323433,11.323433,0.9
4.463684082,19.0197,33.40335846,43.80239105,85.89749146,42.0951,52.494133,13.300247,52.730583,43.469864,21.963882,21.963882,0.9
4.119270325,9.291504,25.60809326,28.28810883,62.09863281,33.810524,36.49054,21.955734,31.276123,7.155197,17.24321,17.24321,0.9
6.909988403,2.6813354,30.68302917,32.59961319,65.91827679,33.318665,35.23525,32.29484,78.84366,25.78038,17.785477,17.785477,0.9
8.339775085,11.242172,24.9606781,53.14196396,81.53674316,28.39478,56.576065,12.456917,40.344017,33.90396,9.428665,9.428665,0.9
9.392311096,10.677002,48.07295227,33.68806839,54.48238182,20.794313,6.4094296,23.7887,51.140907,40.016083,25.895416,25.895416,0.9
105.5742006,0.9512024,13.84352112,6.644966125,43.04424095,36.399277,29.20072,27.508675,70.54336,57.84398,12.020386,12.020386,0.9
3.647315979,15.791214,39.2768631,37.68235016,68.4192667,30.736916,29.142403,25.17569,42.150543,45.90487,20.177116,20.177116,0.9
7.754364014,11.807053,31.87814331,28.27941513,57.25782394,28.978409,25.37968,22.08958,48.059685,28.013588,22.157341,22.157341,0.9
6.642072042,8.027084,44.06692378,44.08561198,79.60414855,35.518536,35.537224,27.15416,44.23604,130.92987,20.756805,20.756805,0.9
14.43477631,39.72014,36.64416122,46.65826416,72.00426292,25.345999,35.3601,14.529572,41.77475,23.553146,9.152039,9.152039,0.9
138.7106476,1.5643005,24.76159286,30.70412827,66.2021246,35.497997,41.440533,31.709648,49.879707,19.967361,7.5015564,7.5015564,0.9
11.05353546,20.12593,22.17602539,33.46322632,59.62007904,26.156853,37.444054,24.474655,36.28282,14.375122,13.133194,13.133194,0.9
6.599906921,15.839066,38.15764999,23.48109055,54.26940918,30.788319,16.11176,17.629631,33.035217,30.665657,6.4992294,6.4992294,0.9
149.2475586,19.164124,-0.548423767,18.70565414,65.99248791,47.286835,66.54091,24.508621,30.332123,32.79322,12.845566,12.845566,0.9
129.8341625,6.066757,23.27872467,17.36085892,53.08136272,35.720505,29.802639,18.18705,29.452126,25.932114,9.774666,9.774666,0.9
142.1366148,15.370453,9.216148376,6.973869324,41.42399597,34.450127,32.207848,17.120056,61.960686,54.63021,11.25444,11.25444,0.9
8.501113892,11.692047,48.70465851,52.99016953,81.97293711,28.982767,33.26828,32.17122,48.57177,41.47885,16.372131,16.372131,0.9
136.7347927,15.367096,-1.143623352,27.48788071,51.7301693,24.242289,52.873795,-16.437431,46.466316,54.31559,17.507256,17.507256,0.9
10.17871857,18.927887,34.59420013,22.91827774,72.35225391,49.433975,37.758053,38.32884,67.263,35.054886,15.4590225,15.4590225,0.9
11.78675842,25.642868,41.38652039,56.20192528,69.82195258,13.620028,28.435432,33.138573,57.172607,33.976242,29.632332,29.632332,0.9
6.091260274,24.76918,37.14917628,43.5634257,72.45889632,28.89547,35.30972,27.956413,76.39619,167.91606,9.432228,9.432228,0.9
8.924097697,19.387527,14.46016184,32.90537516,58.27286784,25.367493,43.812706,27.893402,52.31427,118.91808,4.538559,4.538559,0.9
1.640632629,11.023102,14.63702393,23.23122406,45.7998848,22.56866,31.16286,10.384232,31.663269,15.062065,8.739555,8.739555,0.9
117.4840479,8.984665,21.17533875,19.48834991,53.7431221,34.254772,32.567783,12.364685,28.643837,21.359818,15.029594,15.029594,0.9
3.403465271,13.679916,26.30392838,29.42570114,77.78191566,48.356216,51.47799,-0.122615814,31.274918,9.539978,14.639076,14.639076,0.9
12.59125519,15.913971,16.89440155,20.90293884,34.3302002,13.427261,17.435799,27.195427,26.006676,28.563423,13.902237,13.902237,0.9
17.77690887,11.577423,33.07557297,34.22872925,50.19465256,15.965923,17.11908,15.113182,47.90983,25.268448,11.075554,11.075554,0.9
1.812202454,12.219177,41.07515717,29.08281326,65.38395691,36.301144,24.3088,20.217651,43.940994,23.795685,18.856964,18.856964,0.9
9.903686523,12.492432,44.89509583,49.59484482,66.2988472,16.704002,21.403751,22.875038,37.38849,19.05188,18.509933,18.509933,0.9
6.725975037,26.32875,36.07297897,45.10817719,56.10542679,10.99725,20.032448,27.703548,42.337845,19.904785,16.361145,16.361145,0.9
22.13639069,22.689285,64.79642773,47.3296814,74.00348067,26.6738,9.207053,23.754044,35.10147,33.78887,33.603348,33.603348,0.9
8.62550354,-4.359497,46.0709343,42.55670166,57.04262543,14.485924,10.971691,18.803371,51.068054,30.710434,25.497475,25.497475,0.9
6.052986145,8.15712,53.78484249,29.10292435,62.0366683,32.933743,8.251825,19.230843,40.007675,33.633644,19.362541,19.362541,0.9
7.647186279,11.310165,30.66139984,18.91494751,56.12863159,37.213684,25.467232,-20.071892,59.990326,47.874565,16.172905,16.172905,0.9
8.135738373,12.638489,14.71808624,22.21422958,45.49961853,23.285389,30.781532,5.1197586,18.761307,33.513535,19.297668,19.297668,0.9
10.31667328,-2.2236633,18.78168488,17.93653107,63.04719353,45.110664,44.26551,43.77931,38.216003,16.674759,13.631218,13.631218,0.9
6.529281616,7.8118896,41.58899689,42.87522125,84.36637592,41.491154,42.777378,12.6581955,37.309753,36.88788,14.312325,14.312325,0.9
12.54441071,12.600235,41.05379486,52.69173431,86.92330551,34.23157,45.86951,17.636871,34.004158,-2.0061646,16.242455,16.242455,0.9
4.74357605,8.367691,56.80740356,47.03369904,65.28015137,18.246452,8.472748,24.745918,54.940945,10.803047,7.9143677,7.9143677,0.9
25.27301025,9.617401,29.82203674,25.50917816,52.56984711,27.060669,22.74781,24.11348,41.714195,23.925491,6.6900635,6.6900635,0.9
4.756950378,11.534805,22.64407349,29.64917755,65.75563812,36.10646,43.111565,-0.18668365,28.88285,17.380135,6.360916,6.360916,0.9
11.80442047,1.3082886,47.34484863,46.2434082,98.11937714,51.87597,50.77453,15.23922,28.85035,27.281792,17.786697,17.786697,0.9
16.74279531,12.449951,31.74536006,23.47115962,46.60087077,23.129711,14.855511,16.627964,36.11618,118.54828,8.578949,8.578949,0.9
3.918502808,-3.4842682,55.13124847,63.61872864,96.62959576,33.010868,41.49835,16.933113,47.09117,19.877174,16.579147,16.579147,0.9
12.48551941,4.3484955,33.46977997,12.83759308,49.18652725,36.348934,15.716747,0.2268982,39.53672,16.62429,11.0190735,11.0190735,0.9
13.00072734,-4.250244,34.97013346,35.01156871,59.29747836,24.28591,24.327345,15.345123,59.05078,137.86263,7.8254623,7.8254623,0.9
2.786529541,19.180382,27.75442123,29.82066345,65.29257727,35.471912,37.538155,25.116673,44.075493,28.81427,17.981483,17.981483,0.9
4.677589417,8.311829,33.65126038,30.77606964,60.51844788,29.742378,26.867188,24.80661,52.37017,18.94667,7.1005325,7.1005325,0.9
1.772239685,10.668671,37.74094391,24.90566635,51.37711716,26.47145,13.636173,26.08535,31.673828,147.34424,5.2275467,5.2275467,0.9
8.263286591,3.775238,32.85126686,36.3474741,39.96986198,3.622388,7.118595,10.53466,16.769218,139.14212,18.290436,18.290436,0.9
3.035507202,10.887543,17.42826462,21.17956924,36.06796265,14.888393,18.639698,44.264114,33.400726,131.4408,11.185486,11.185486,0.9
5.675089518,9.310684,10.62215932,39.96338399,43.48833974,3.5249557,32.86618,62.706993,16.724594,154.09946,13.146515,13.146515,0.9
2.845461528,9.861359,23.50025431,40.06927745,41.32178942,1.252512,17.821535,67.74698,10.932312,143.69756,16.046036,16.046036,0.9
10.91726685,13.208557,24.07780457,48.30605316,57.09266758,8.786614,33.014862,71.85599,29.458298,37.332474,10.336624,10.336624,0.9
4.842557271,8.844055,30.47319539,61.27457937,100.462066,39.187485,69.98887,40.442,38.13923,158.83902,6.9989166,6.9989166,0.9
5.05279541,13.909988,33.23545456,56.18497086,40.56350708,-15.621464,7.3280525,49.250984,14.2102585,133.46179,12.023239,12.023239,0.9
11.08547211,16.117523,21.45574951,46.98504639,60.6402626,13.655216,39.184513,45.050934,12.036018,100.337105,11.347839,11.347839,0.9
7.3412323,18.550186,15.03011322,43.74018097,40.49725342,-3.2429276,25.46714,78.99797,24.914352,130.28247,7.308975,7.308975,0.9
8.213083903,4.041458,14.34581884,40.03568204,37.87669881,-2.1589832,23.53088,81.41009,1.8843842,139.19702,1.8853836,1.8853836,0.9
5.312049866,15.639481,23.74836731,43.10688782,57.62940598,14.522518,33.88104,58.127945,38.21015,45.190178,24.718857,24.718857,0.9
3.28406016,9.881409,22.44815318,41.73527781,63.51483027,21.779552,41.066677,51.481903,36.901665,129.85358,16.81694,16.81694,0.9
8.001557668,8.477173,28.12287267,36.76173528,31.81462034,-4.947115,3.6917477,40.31389,36.345383,148.82687,-3.8076706,3.8076706,0.9
9.719914754,16.754166,20.83130137,47.40902583,45.57464091,-1.8343849,24.74334,73.4886,18.00914,123.74519,23.681328,23.681328,0.9
10.63666026,16.135605,35.84447606,33.15261205,56.82440122,23.67179,20.979925,56.824455,33.515015,167.16692,19.877922,19.877922,0.9
8.133389791,4.456192,12.21976725,29.51385752,47.10953776,17.59568,34.88977,49.89408,27.756516,120.9852,5.0364304,5.0364304,0.9
16.2730662,5.3425293,21.87043635,44.97976367,52.66112487,7.681361,30.790688,54.168304,30.648422,152.7144,3.2404861,3.2404861,0.9
2.411120097,15.909027,29.81164296,51.31723531,89.34125264,38.024017,59.52961,54.37397,26.555145,116.91046,13.278397,13.278397,0.9
1.772109985,15.447632,23.59344482,38.02443695,60.00489807,21.980461,36.411453,42.247086,24.508057,18.631119,6.6891174,6.6891174,0.9
5.395617167,5.149719,38.9783198,35.41269938,68.23355357,32.820854,29.255234,31.630165,34.362648,120.98085,9.520691,9.520691,0.9
3.194986979,4.0590057,24.43073527,34.35836283,59.74940745,25.391045,35.318672,61.071327,33.513504,151.9769,0.35412598,0.35412598,0.9
13.56872559,17.002579,33.45058441,51.70314026,72.21643066,20.51329,38.765846,80.63696,52.35916,56.977097,1.1910858,1.1910858,0.9
20.71809896,11.135757,33.77683385,58.08469137,79.04150613,20.956814,45.26467,36.65296,104.28501,134.54604,9.75782,9.75782,0.9
1.797119141,14.708588,34.26618195,37.54878235,68.5912509,31.042469,34.32507,30.20279,38.049393,139.16982,12.537582,12.537582,0.9
8.340349833,9.264099,20.98488871,28.94069163,44.34881083,15.408119,23.363922,64.60105,27.151268,138.21089,5.181923,5.181923,0.9
9.81187439,9.553177,35.25819397,56.83576965,77.04421425,20.208445,41.78602,47.492413,31.831802,125.67647,3.441864,3.441864,0.9
4.768725077,14.19194,12.21264903,42.59340541,42.44844691,-0.1449585,30.235798,64.65986,18.890007,115.48758,10.566528,10.566528,0.9
5.738525391,1.417511,15.5286026,52.71409607,62.5171833,9.803087,46.98858,69.08034,50.61209,165.34908,13.583382,13.583382,0.9
5.490674337,-3.4524689,35.97572581,45.93400065,85.52343146,39.58943,49.547707,16.83825,41.86149,139.39885,-2.1543884,2.1543884,0.9
7.595837911,5.9917755,32.80797068,30.53603999,48.01079146,17.47475,15.202821,14.448715,47.301216,128.59746,5.3476105,5.3476105,0.9
5.220237732,12.22464,47.11102676,37.1141243,62.46838093,25.354256,15.357354,11.452534,51.057816,136.26753,12.880714,12.880714,0.9
4.632148743,-0.13128662,38.80331039,39.87183762,77.95349121,38.081654,39.15018,27.660881,29.958275,36.296616,10.570854,10.570854,0.9
2.83678182,14.823471,35.52628072,36.99729284,63.15797551,26.160683,27.631695,56.768055,52.987427,137.82507,8.634476,8.634476,0.9
10.70320384,2.9135284,50.92806371,30.29604848,82.03927644,51.74323,31.111214,44.291798,51.28209,143.58545,2.351715,2.351715,0.9
0.903714498,2.4929504,24.30474599,23.87199529,50.06557401,26.193579,25.760828,38.722115,44.076183,115.33508,7.8886642,7.8886642,0.9
3.735094706,13.027847,32.39158503,28.44039027,54.69277445,26.252384,22.30119,19.804066,29.735283,112.98854,19.545242,19.545242,0.9
9.464365641,17.055557,29.26325734,44.76472982,77.15536722,32.390636,47.89211,48.68256,58.412292,135.38307,10.594818,10.594818,0.9
5.595448812,7.23407,42.66257985,50.85311254,81.65612491,30.803013,38.993546,16.999466,25.381966,104.372925,14.336388,14.336388,0.9
50.02578735,9.587265,13.25762939,13.05409241,38.01368523,24.959593,24.756056,14.996544,31.563644,82.210144,13.6729355,13.6729355,0.9
5.463157654,9.987106,36.49868774,25.10394287,51.18076706,26.076824,14.682079,18.43393,28.357841,23.99939,16.271408,16.271408,0.9
3.818361918,10.2105255,17.86228434,32.241038,57.22251383,24.981476,39.36023,8.040146,21.585587,99.67847,10.864754,10.864754,0.9
5.678184509,12.9935,40.03628922,44.08792877,77.50362444,33.415695,37.467335,30.888737,39.496063,101.63657,16.317574,16.317574,0.9
4.217781067,12.962585,46.28477859,51.59115791,74.75302792,23.16187,28.46825,40.95574,53.673187,36.39987,19.818497,19.818497,0.9
1.812281291,8.0963745,26.21668498,40.22077052,60.91670767,20.695938,34.700024,23.320961,23.761139,104.429924,7.675865,7.675865,0.9
13.95422872,13.823746,34.31017558,35.92116419,68.42632548,32.50516,34.11615,20.26574,53.947144,86.396545,17.633965,17.633965,0.9
3.521687826,4.1919403,20.87349574,27.92191569,50.13868205,22.216766,29.265186,22.297958,37.20156,114.069496,0.7246933,0.7246933,0.9
7.580029806,1.2885971,20.66328684,21.27931086,48.24911467,26.969803,27.585827,18.209259,47.58893,112.64849,10.91745,10.91745,0.9
8.502148946,10.99263,41.30181758,40.05356852,70.13144461,30.077877,28.829628,30.630787,47.21225,107.75502,17.428894,17.428894,0.9
0.662816366,6.341919,42.57714589,39.28579458,62.35347112,23.067677,19.776325,38.19005,35.75067,124.77543,9.64772,9.64772,0.9
8.710629781,3.4907074,36.79096858,26.44836299,50.92422358,24.47586,14.133255,17.23173,72.615204,122.81092,17.184448,17.184448,0.9
95.74463725,19.173431,13.82190323,23.39428711,47.90003991,24.505753,34.078136,19.460922,33.861603,32.03499,16.681213,16.681213,0.9
14.88942719,15.364059,47.37741852,38.86824417,60.13134289,21.2631,12.753924,9.552067,36.77662,24.464806,8.669136,8.669136,0.9
2.85004425,24.64074,25.52963257,26.01549339,40.69988894,14.684396,15.170257,13.779015,29.756088,28.902245,23.162777,23.162777,0.9
10.82706451,13.921616,45.94228363,59.49506378,85.29418182,25.799118,39.3519,18.43547,37.539078,17.842766,10.934479,10.934479,0.9
11.63505554,24.518845,38.48003006,42.95436025,43.5323875,0.57802725,5.0523577,0.079009056,119.902596,11.432495,20.138123,20.138123,0.9
12.81072617,10.3020935,52.67355633,45.63105774,56.44990158,10.818844,3.7763453,9.349548,47.172325,18.498985,15.043457,15.043457,0.9
5.431748708,14.8589325,34.3665568,34.54552523,58.42897908,23.883453,24.062422,20.77752,52.115067,132.65744,20.903236,20.903236,0.9
11.42950439,16.804413,22.77442169,31.52965164,69.91586494,38.386215,47.14144,11.330185,40.161102,14.307945,11.902977,11.902977,0.9
2.559237162,10.906349,18.79437002,22.19975408,47.76193555,25.562181,28.967566,11.0831375,30.51455,125.98116,11.501297,11.501297,0.9
2.727266947,8.925659,19.55820338,7.963076274,32.65952937,24.696453,13.101326,24.262222,32.904556,128.08301,8.714745,8.714745,0.9
9.646298726,8.010986,28.64026896,22.98189799,40.09234873,17.11045,11.45208,16.546555,40.53344,129.47244,12.092667,12.092667,0.9
7.036382039,6.390869,31.00007884,35.37168376,65.5904719,30.218788,34.590393,12.698242,46.976418,116.544304,5.622513,5.622513,0.9
5.864659627,3.5196228,24.16973368,20.21133677,38.7730662,18.56173,14.6033325,17.45536,24.562187,131.34814,3.1858978,3.1858978,0.9
1.37193044,3.278778,32.10248057,26.94620005,49.52109782,22.574898,17.418617,6.4475937,36.15605,95.30192,7.403557,7.403557,0.9
5.96681722,6.8266907,29.29739126,59.69089254,84.77298482,25.082092,55.475594,8.904015,52.29879,135.01938,8.533493,8.533493,0.9
2.233154297,8.804611,16.48693848,20.28674316,31.74485779,11.458115,15.257919,14.067993,27.501633,110.45233,9.2765045,9.2765045,0.9
1.596895854,9.651672,27.66380819,12.41669973,33.57701238,21.160313,5.913204,18.875702,21.214195,120.07326,6.221321,6.221321,0.9
1.310559591,0.71832275,30.66337331,18.7415212,44.75410207,26.01258,14.090729,24.044144,53.752434,101.36204,8.502213,8.502213,0.9
1.585103353,5.8917084,23.0288264,32.47810618,51.07853953,18.600433,28.049713,10.886574,41.09237,140.61433,8.700912,8.700912,0.9
2.070439657,2.9134827,21.11377462,17.34192022,33.23961004,15.89769,12.125835,21.449478,31.383041,119.6518,5.083969,5.083969,0.9
1.729845683,11.279053,18.35573324,16.74044927,31.17197927,14.43153,12.816246,22.280315,31.151146,107.42276,11.81002,11.81002,0.9
1.038040161,9.20372,19.39996338,21.03109741,31.7651062,10.734009,12.365143,17.123817,19.11779,96.035194,10.688309,10.688309,0.9
2.288319906,3.8597946,26.95065053,24.2862409,46.53959783,22.253357,19.588947,14.721367,28.515167,125.58233,3.3072357,3.3072357,0.9
3.083394368,6.0088196,17.9784495,17.89483134,25.13758341,7.242752,7.159134,26.464584,32.012627,151.30789,7.4993286,7.4993286,0.9
1.471313477,4.7235107,26.73020172,27.52871704,56.38041687,28.8517,29.650215,16.630718,27.060486,103.898506,4.047249,4.047249,0.9
0.268778483,10.2712555,16.34195201,13.69853465,29.15144984,15.452915,12.809498,11.687317,21.093216,144.88327,10.052849,10.052849,0.9
151.7415491,12.335861,-13.45514425,-9.42246755,-0.362874349,9.059593,13.09227,30.405949,43.066025,107.56392,10.174042,10.174042,0.9
2.512967428,13.048233,20.8544782,23.24413045,46.93881162,23.694681,26.084333,13.475983,26.388016,109.7195,13.975838,13.975838,0.9
3.190755208,10.670013,18.36774699,10.23836772,23.6454188,13.407051,5.277672,25.693863,25.031311,159.28455,6.409912,6.409912,0.9
1.562014262,14.659714,26.62889353,14.70041148,31.55655162,16.85614,4.927658,16.9827,25.097496,112.04618,9.805176,9.805176,0.9
4.892636617,1.5813751,17.70272319,19.20310465,40.96590678,21.762802,23.263184,16.476913,36.02119,76.225105,10.904373,10.904373,0.9
5.900901794,0.6817322,17.25496674,25.71833038,48.16104507,22.442715,30.906078,-1.1767807,15.675209,12.697723,9.22625,9.22625,0.9
3.311917623,8.514084,20.62923686,18.65877024,44.73107402,26.072304,24.101837,29.986538,34.22271,102.31689,3.0486374,3.0486374,0.9
2.64814504,3.1446533,17.62809245,15.59414927,28.71278636,13.118637,11.084694,26.921635,25.02983,99.04044,10.341301,10.341301,0.9
4.897936503,6.727089,19.48067983,17.88249715,27.4118398,9.529343,7.93116,24.862879,28.087803,69.8213,3.678627,3.678627,0.9
113.6640327,7.337555,-4.811790466,-7.372093201,-0.538299561,6.8337936,4.273491,27.323265,26.093147,136.09598,5.961212,5.961212,0.9
4.328689575,10.364456,18.65713501,23.20590973,31.23434067,8.028431,12.577206,24.05083,22.453594,65.83211,0.45846558,0.45846558,0.9
2.647028605,8.269394,20.89705149,22.56298319,40.61506907,18.052086,19.718018,20.880901,22.48309,64.50786,4.158577,4.158577,0.9
1.310559591,0.71832275,30.66337331,18.7415212,44.75410207,26.01258,14.090729,24.044144,53.752434,101.36204,8.502213,8.502213,0.9
1.729845683,11.279053,18.35573324,16.74044927,31.17197927,14.43153,12.816246,22.280315,31.151146,107.42276,11.81002,11.81002,0.9
1.038040161,9.20372,19.39996338,21.03109741,31.7651062,10.734009,12.365143,17.123817,19.11779,96.035194,10.688309,10.688309,0.9
3.083394368,6.0088196,17.9784495,17.89483134,25.13758341,7.242752,7.159134,26.464584,32.012627,151.30789,7.4993286,7.4993286,0.9
4.799123128,6.041397,17.4337794,14.52339427,35.93532817,21.411934,18.501549,13.918945,17.978806,131.41704,11.751793,11.751793,0.9
1.025716146,6.3446426,16.35931269,13.39541499,37.15202586,23.75661,20.792713,15.50267,48.434685,132.18304,7.866005,7.866005,0.9
5.87697347,3.2477264,13.04168447,17.899381,46.64178975,28.742409,33.600105,-4.8958054,18.63211,120.04685,0.49899292,0.49899292,0.9
6.162951152,2.320572,21.2007548,18.91511027,46.09989802,27.184788,24.899143,23.45097,19.741158,101.75592,6.401413,6.401413,0.9
149.2877909,2.5547028,-14.86933645,-17.54781087,3.464899699,21.01271,18.334236,20.683064,23.678116,109.25903,3.241333,3.241333,0.9
1.984072367,8.295654,16.06795247,11.87334951,28.56404622,16.690697,12.496094,8.980583,18.294113,101.74593,9.9023285,9.9023285,0.9
